timestamp,sensor_id,temperature,voltage
2025-01-01 00:00:00,T1003,26.708779878885796,3.950870644699399
2025-01-01 00:01:00,T1004,34.38085419607943,4.080755598363426
2025-01-01 00:02:00,T1001,29.75211919093025,3.316002074532883
2025-01-01 00:03:00,T1003,22.115481721687985,2.923291064826908
2025-01-01 00:04:00,T1003,20.50792664325821,3.529986071469558
2025-01-01 00:05:00,T1004,27.459595857532527,2.9611423151239467
2025-01-01 00:06:00,T1001,18.398833964896788,
2025-01-01 00:07:00,T1001,34.157293829271765,3.3682676655413686
2025-01-01 00:08:00,T1003,30.897200603606436,3.1173392243439455
2025-01-01 00:09:00,T1002,22.654121739476476,3.392340152932454
2025-01-01 00:10:00,T1003,16.434327354545612,2.6264368552351516
2025-01-01 00:11:00,T1003,31.769361870827062,2.814192980744674
2025-01-01 00:12:00,T1003,24.42730077373691,3.9002069539722126
2025-01-01 00:13:00,T1003,31.189081559867308,2.971552860514302
2025-01-01 00:14:00,T1004,17.027861706028165,2.77654450865903
2025-01-01 00:15:00,T1001,22.003124885231134,3.568326376263643
2025-01-01 00:16:00,T1004,25.026218498590914,3.892852077331498
2025-01-01 00:17:00,T1004,25.23490296882371,3.6594766553325333
2025-01-01 00:18:00,T1004,22.74967264260378,3.798023842902908
2025-01-01 00:19:00,T1003,-50.0,2.9216024557152696
2025-01-01 00:20:00,T1002,19.661897853087027,2.589094666629078
2025-01-01 00:21:00,T1001,150.0,4.050666825977743
2025-01-01 00:22:00,T1002,25.601478158559495,3.1386600805789318
2025-01-01 00:23:00,T1004,27.572194170293745,3.1745834917724762
2025-01-01 00:24:00,T1004,28.55807439044445,
2025-01-01 00:25:00,T1002,19.376789540810655,3.57811500470033
2025-01-01 00:26:00,T1002,17.32942914632189,3.5279438860408034
2025-01-01 00:27:00,T1002,31.388384109492545,4.382501172450542
2025-01-01 00:28:00,T1004,26.661570059897958,2.9782408848099284
2025-01-01 00:29:00,T1004,21.25756731721723,3.7639200640406183
2025-01-01 00:30:00,T1001,32.75575987761262,3.328506562448542
2025-01-01 00:31:00,T1001,25.578373171464293,3.4342961394316283
2025-01-01 00:32:00,T1004,30.896485920319133,4.064234213206266
2025-01-01 00:33:00,T1002,25.337592407050543,3.5539178781448117
2025-01-01 00:34:00,T1002,35.303739624409936,3.5691480395248165
2025-01-01 00:35:00,T1001,33.77670421221602,3.836253668654901
2025-01-01 00:36:00,T1004,23.75517925760463,3.117523635228557
2025-01-01 00:37:00,T1001,29.85785475477178,2.8803951663304965
2025-01-01 00:38:00,T1001,28.226879747925736,2.777595402989483
2025-01-01 00:39:00,T1003,31.843157787661745,2.316821705311999
2025-01-01 00:40:00,T1003,20.17538269709948,4.328103564970161
2025-01-01 00:41:00,T1003,28.430257299992196,2.7483958171391585
2025-01-01 00:42:00,T1002,30.29212243424794,3.1893731882071137
2025-01-01 00:43:00,T1004,16.20630256788443,3.1615933500555395
2025-01-01 00:44:00,T1004,19.083707436671126,3.45370334890455
2025-01-01 00:45:00,T1004,14.803839111199498,3.707868606269648
2025-01-01 00:46:00,T1004,23.652965827777212,3.7302367441798725
2025-01-01 00:47:00,T1003,28.58771127897981,3.0084612807155304
2025-01-01 00:48:00,T1002,32.51178526048014,3.2164391431067942
2025-01-01 00:49:00,T1002,25.370473902098876,3.4412899752441497
2025-01-01 00:50:00,T1003,33.14307772785646,3.1756544369082262
2025-01-01 00:51:00,T1002,18.099492708925542,4.103672788009996
2025-01-01 00:52:00,T1003,16.483087803224226,3.5454874758191255
2025-01-01 00:53:00,T1004,24.722261505516904,3.6674388930249084
2025-01-01 00:54:00,T1003,26.920327244696537,3.631440634333706
2025-01-01 00:55:00,T1004,24.836526259529535,3.8867369287426623
2025-01-01 00:56:00,T1004,14.662789499800617,3.390510779351853
2025-01-01 00:57:00,T1001,24.55439980243606,2.6515840260220767
2025-01-01 00:58:00,T1003,18.477652497475734,1.0
2025-01-01 00:59:00,T1001,28.348362744150194,2.9743215531040854
2025-01-01 01:00:00,T1003,26.83299123048424,3.0356916591251215
2025-01-01 01:01:00,T1003,20.300601068363225,3.5931820093775464
2025-01-01 01:02:00,T1001,22.430665413316532,3.919141535716818
2025-01-01 01:03:00,T1001,19.70393239055524,3.310635788368031
2025-01-01 01:04:00,T1003,24.68660451363414,7.0
2025-01-01 01:05:00,T1002,29.775711602506192,4.1511074723176185
2025-01-01 01:06:00,T1004,20.07136976832228,3.420376589744284
2025-01-01 01:07:00,T1001,27.520232577589223,
2025-01-01 01:08:00,T1004,22.348711908137794,3.582754822815772
2025-01-01 01:09:00,T1002,21.03563583868828,2.419618620422091
2025-01-01 01:10:00,T1002,24.464848200227213,3.676670810552266
2025-01-01 01:11:00,T1002,19.82378838790313,3.4905791924413885
2025-01-01 01:12:00,T1001,22.23175347326409,3.9448763770413726
2025-01-01 01:13:00,T1002,19.010610537055758,3.636590675634979
2025-01-01 01:14:00,T1001,34.82362566458195,3.230772008008113
2025-01-01 01:15:00,T1002,25.176317759858645,2.687850881855317
2025-01-01 01:16:00,T1004,21.50137246003707,3.195488371356987
2025-01-01 01:17:00,T1004,26.06989955367111,2.87473977289535
2025-01-01 01:18:00,T1003,24.43835975154585,7.0
2025-01-01 01:19:00,T1004,23.895152002333884,3.594289202210305
2025-01-01 01:20:00,T1003,28.070833500217127,4.134952252175703
2025-01-01 01:21:00,T1004,28.787538550236526,3.4973357649114902
2025-01-01 01:22:00,T1001,22.34749426194736,2.7020584689824076
2025-01-01 01:23:00,T1004,22.1209087967766,3.52230133411007
2025-01-01 01:24:00,T1003,23.62474151424178,3.8983157433228253
2025-01-01 01:25:00,T1003,13.490394176322075,2.9951085478403088
2025-01-01 01:26:00,T1002,17.42404468900724,3.232991416663541
2025-01-01 01:27:00,T1001,31.834371337222624,3.3073440973645982
2025-01-01 01:28:00,T1004,33.22483856750642,2.9075508434588797
2025-01-01 01:29:00,T1002,23.75481980221811,3.6241402169219294
2025-01-01 01:30:00,T1004,27.882784815278832,3.239525925696109
2025-01-01 01:31:00,T1004,26.556250772717682,3.5097662219535137
2025-01-01 01:32:00,T1002,40.39440404227619,2.8562539110989498
2025-01-01 01:33:00,T1002,30.597874557172883,3.081270849838295
2025-01-01 01:34:00,T1002,24.360412042596167,3.6611906789138855
2025-01-01 01:35:00,T1002,20.22229779699787,3.1135834239541165
2025-01-01 01:36:00,T1002,16.96776839871214,4.163481925616702
2025-01-01 01:37:00,T1004,150.0,3.100181907192699
2025-01-01 01:38:00,T1002,21.218246273578483,3.412342362875943
2025-01-01 01:39:00,T1001,17.88873145201163,7.0
2025-01-01 01:40:00,T1003,21.767135578787368,2.590817133533484
2025-01-01 01:41:00,T1002,19.592259981928024,2.419595594009612
2025-01-01 01:42:00,T1002,33.43570817536282,2.5371718427149523
2025-01-01 01:43:00,T1004,29.408198784747253,3.9312920517135908
2025-01-01 01:44:00,T1002,24.960136793416915,3.0240709270537764
2025-01-01 01:45:00,T1002,32.39972069445013,4.579099642834126
2025-01-01 01:46:00,T1002,25.38684153823809,3.0178762006713056
2025-01-01 01:47:00,T1004,20.69357899335868,3.3922756515985184
2025-01-01 01:48:00,T1002,32.61562038634828,4.071054976283937
2025-01-01 01:49:00,T1003,27.694550218423295,4.303046444079561
2025-01-01 01:50:00,T1004,19.81376922836772,4.3307517883181985
2025-01-01 01:51:00,T1003,24.04830660958196,3.904183115296571
2025-01-01 01:52:00,T1004,20.621908733076214,3.812031262905731
2025-01-01 01:53:00,T1002,18.086001345178317,3.5962634746005913
2025-01-01 01:54:00,T1003,29.630887737658206,3.6891805380833187
2025-01-01 01:55:00,T1004,34.54708320235065,3.024407141835733
2025-01-01 01:56:00,T1001,18.007162130904295,2.890900558288846
2025-01-01 01:57:00,T1002,27.814846183452854,3.298312771294524
2025-01-01 01:58:00,T1004,21.746787154390866,3.2149076887375356
2025-01-01 01:59:00,T1001,22.56437308117652,3.0733859753363624
2025-01-01 02:00:00,T1004,22.038030378805654,3.6481937237283573
2025-01-01 02:01:00,T1001,20.68004615160092,3.7776526042852554
2025-01-01 02:02:00,T1002,25.242608139724133,3.3442034431459233
2025-01-01 02:03:00,T1003,20.84524941794481,4.038765040527631
2025-01-01 02:04:00,T1001,26.352284128899193,2.7291554429332474
2025-01-01 02:05:00,T1004,24.748809452754315,3.2031702703601406
2025-01-01 02:06:00,T1002,23.80525976566795,2.941588839698597
2025-01-01 02:07:00,T1001,20.46218168979201,2.3667316914634697
2025-01-01 02:08:00,T1004,22.116143347158335,3.2586596570786504
2025-01-01 02:09:00,T1004,28.77695612912878,3.239126245808358
2025-01-01 02:10:00,T1004,27.504585938121902,4.056724871621065
2025-01-01 02:11:00,T1001,20.112223776007244,3.6154058422773887
2025-01-01 02:12:00,T1001,25.49666152714613,2.7879065878353972
2025-01-01 02:13:00,T1001,28.756935616858947,4.227046283167094
2025-01-01 02:14:00,T1003,16.652973594393142,3.9105168477626764
2025-01-01 02:15:00,T1001,27.716800961899676,3.5910488517343078
2025-01-01 02:16:00,T1001,21.686881205270765,
2025-01-01 02:17:00,T1001,27.852993342965796,2.82028038163826
2025-01-01 02:18:00,T1003,21.183704217287417,3.1138966119644733
2025-01-01 02:19:00,T1001,15.975589496677404,3.8443743098520926
2025-01-01 02:20:00,T1004,16.862287810584185,4.242293152967305
2025-01-01 02:21:00,T1001,25.24042473330691,4.071621764136094
2025-01-01 02:22:00,T1004,26.29861250860741,3.0555752891068626
2025-01-01 02:23:00,T1004,20.478416874477958,2.740191283355494
2025-01-01 02:24:00,T1004,28.19296229388687,3.3704431234556016
2025-01-01 02:25:00,T1003,16.6923996886552,2.415780317218574
2025-01-01 02:26:00,T1003,24.66960100676342,3.4615838570923905
2025-01-01 02:27:00,T1003,18.944919001187717,3.2261987068506657
2025-01-01 02:28:00,T1001,21.740819460989204,3.066981749065879
2025-01-01 02:29:00,T1004,25.23699335658207,2.502648466366602
2025-01-01 02:30:00,T1003,20.69793317358024,3.5568000532848583
2025-01-01 02:31:00,T1003,23.077222278850872,3.033649580169044
2025-01-01 02:32:00,T1001,30.0314640460722,2.7150415821448557
2025-01-01 02:33:00,T1003,150.0,1.0
2025-01-01 02:34:00,T1001,29.17846056032571,3.2862425474746817
2025-01-01 02:35:00,T1002,19.351465726711908,4.186125798334872
2025-01-01 02:36:00,T1003,27.649020889576413,4.130629607273935
2025-01-01 02:37:00,T1002,32.207843103289505,3.0714518717068637
2025-01-01 02:38:00,T1001,12.641777499363553,2.9988939698191097
2025-01-01 02:39:00,T1004,21.015523722647615,3.534387128037512
2025-01-01 02:40:00,T1003,27.8853606359027,2.800807280405854
2025-01-01 02:41:00,T1001,23.984773069785035,3.4508959499097327
2025-01-01 02:42:00,T1004,26.855729366856544,3.683040139192345
2025-01-01 02:43:00,T1004,21.980074066420897,
2025-01-01 02:44:00,T1002,25.4329489373645,3.2499229617600234
2025-01-01 02:45:00,T1001,150.0,3.1981631249115168
2025-01-01 02:46:00,T1004,30.838910308299035,2.8610087066217194
2025-01-01 02:47:00,T1003,26.272104216506065,2.88655982298007
2025-01-01 02:48:00,T1003,26.68801331037601,3.1867605540492363
2025-01-01 02:49:00,T1002,22.940615169387662,3.4836827534080888
2025-01-01 02:50:00,T1004,22.561968879637533,3.7567923131166245
2025-01-01 02:51:00,T1001,22.837209060901895,2.8984105246598273
2025-01-01 02:52:00,T1003,26.972260711891483,4.046344284479761
2025-01-01 02:53:00,T1004,22.895077595898684,3.1644381994787154
2025-01-01 02:54:00,T1004,26.448874284482066,3.289316352825782
2025-01-01 02:55:00,T1002,35.37700399322719,2.926394160426088
2025-01-01 02:56:00,T1003,29.355623517158463,2.087879869863529
2025-01-01 02:57:00,T1003,23.369882339160796,3.7420226981805245
2025-01-01 02:58:00,T1001,31.006069610819722,3.6684219485462166
2025-01-01 02:59:00,T1003,22.959623134892244,3.1593362214408933
2025-01-01 03:00:00,T1001,14.80937732411073,3.333495358612436
2025-01-01 03:01:00,T1003,19.95956844541298,3.5579696088520496
2025-01-01 03:02:00,T1002,15.646040394870722,2.5187270715567287
2025-01-01 03:03:00,T1003,23.24243257979346,3.0354736613268525
2025-01-01 03:04:00,T1001,25.092091895947757,3.6971323398109135
2025-01-01 03:05:00,T1001,33.382186561376415,2.6728552884153753
2025-01-01 03:06:00,T1002,26.634636868820813,3.4467789660833144
2025-01-01 03:07:00,T1003,23.90449735595568,2.6217090976882975
2025-01-01 03:08:00,T1003,29.147027905917447,3.533214991216763
2025-01-01 03:09:00,T1002,13.944323454960575,3.282179258851258
2025-01-01 03:10:00,T1003,26.178072790542828,2.492434092047245
2025-01-01 03:11:00,T1003,28.854325969434832,3.8823696772285854
2025-01-01 03:12:00,T1001,17.607068771100792,2.932704211600975
2025-01-01 03:13:00,T1003,30.718770216034645,2.894873781492809
2025-01-01 03:14:00,T1003,26.69248203747207,3.400284598615471
2025-01-01 03:15:00,T1002,22.923560430495993,3.8743186747143574
2025-01-01 03:16:00,T1002,28.163909330531425,2.7920890905108013
2025-01-01 03:17:00,T1004,36.35346428902198,3.3308399249239855
2025-01-01 03:18:00,T1001,25.909331275292477,3.5144082501652862
2025-01-01 03:19:00,T1003,26.24110293150168,3.6465528036315717
2025-01-01 03:20:00,T1003,22.70319550229878,3.3882207776386126
2025-01-01 03:21:00,T1004,20.75077815267604,3.1164860804583387
2025-01-01 03:22:00,T1003,29.151679082721227,2.88620488967564
2025-01-01 03:23:00,T1001,20.719580870455665,3.343071941523187
2025-01-01 03:24:00,T1004,25.357831186096963,2.7639304940071963
2025-01-01 03:25:00,T1001,22.611712766174417,1.8393247582526961
2025-01-01 03:26:00,T1004,27.39489912873196,3.5182799020788336
2025-01-01 03:27:00,T1004,-50.0,3.7519674205430973
2025-01-01 03:28:00,T1002,30.187699721289498,2.118533782229081
2025-01-01 03:29:00,T1001,22.449918005726264,2.795134647645031
2025-01-01 03:30:00,T1003,23.650625323533145,3.6095771305025988
2025-01-01 03:31:00,T1003,20.106181421088465,4.328747734855849
2025-01-01 03:32:00,T1001,22.77853369961944,3.310396853837704
2025-01-01 03:33:00,T1003,26.88650246522426,2.9359985293854325
2025-01-01 03:34:00,T1003,28.78494308322676,3.2085517794475797
2025-01-01 03:35:00,T1001,20.389173379111874,3.9874382095740923
2025-01-01 03:36:00,T1004,29.3480296005283,2.9770179104377323
2025-01-01 03:37:00,T1001,31.778189294024756,2.900403996674873
2025-01-01 03:38:00,T1004,-50.0,3.058628238908984
2025-01-01 03:39:00,T1003,34.38397906279033,2.8233356958706435
2025-01-01 03:40:00,T1003,21.131054004482134,3.361335157997398
2025-01-01 03:41:00,T1003,18.776726483442914,4.11233922923478
2025-01-01 03:42:00,T1002,16.106398755478608,3.4615396365580144
2025-01-01 03:43:00,T1004,32.480221557445915,3.173823248936856
2025-01-01 03:44:00,T1002,28.27182828177029,3.1540943655422278
2025-01-01 03:45:00,T1002,24.722076645447725,2.5184045956516714
2025-01-01 03:46:00,T1001,26.399843131599102,3.7415548885735794
2025-01-01 03:47:00,T1002,19.372554763508116,3.2610814014935987
2025-01-01 03:48:00,T1001,37.228759898084135,3.209760043204687
2025-01-01 03:49:00,T1001,-50.0,4.89655378392243
2025-01-01 03:50:00,T1002,25.546973973024464,3.449376454182843
2025-01-01 03:51:00,T1004,28.62883311949346,2.924104474952408
2025-01-01 03:52:00,T1004,27.405046158683568,3.0868212018972283
2025-01-01 03:53:00,T1004,26.119420121395656,3.8742228545983775
2025-01-01 03:54:00,T1004,21.04762772277344,3.356635205268882
2025-01-01 03:55:00,T1004,27.357341785679978,2.5808610108413164
2025-01-01 03:56:00,T1002,34.41012248237517,3.7596144672876015
2025-01-01 03:57:00,T1002,31.727100230774887,2.9659279572305026
2025-01-01 03:58:00,T1003,32.965933133196984,4.236648888108773
2025-01-01 03:59:00,T1004,22.443921617844076,3.840024032857324
2025-01-01 04:00:00,T1002,20.051975898707095,3.076339052170624
2025-01-01 04:01:00,T1003,24.37106539950176,3.9405081808675564
2025-01-01 04:02:00,T1004,25.278624561443472,3.3339277552637014
2025-01-01 04:03:00,T1001,30.470957592354743,3.7263868375611096
2025-01-01 04:04:00,T1003,16.537676851425903,3.5423664086472373
2025-01-01 04:05:00,T1002,32.64775159730307,2.876821672504563
2025-01-01 04:06:00,T1001,24.209960507105052,2.9782250838412687
2025-01-01 04:07:00,T1001,,3.8149804087905803
2025-01-01 04:08:00,T1001,19.93947812369916,3.1326123339467293
2025-01-01 04:09:00,T1003,16.725716640671152,3.0981757683790017
2025-01-01 04:10:00,T1002,29.115852919809573,2.8224387103253235
2025-01-01 04:11:00,T1001,25.36658983594202,3.51179953279673
2025-01-01 04:12:00,T1004,18.55019550129473,4.3312624596215725
2025-01-01 04:13:00,T1001,18.52460613968192,2.7662335428728633
2025-01-01 04:14:00,T1001,23.32107650354936,3.3121097283363787
2025-01-01 04:15:00,T1003,33.34510762644696,4.006110277707714
2025-01-01 04:16:00,T1003,23.702043243181976,3.260179304377142
2025-01-01 04:17:00,T1002,17.48428523440947,7.0
2025-01-01 04:18:00,T1004,23.77128467957028,2.76880323592656
2025-01-01 04:19:00,T1003,23.636382151261646,3.514153548603824
2025-01-01 04:20:00,T1001,11.515566785292142,3.2064278674977253
2025-01-01 04:21:00,T1002,24.72852566741094,3.7928649978399314
2025-01-01 04:22:00,T1001,23.84532734895661,3.893693025782375
2025-01-01 04:23:00,T1001,28.48103182406709,4.594781821009307
2025-01-01 04:24:00,T1003,34.244780474726724,3.5898165866067875
2025-01-01 04:25:00,T1002,30.632825147738785,1.0
2025-01-01 04:26:00,T1004,23.655556547225846,3.3971921507886678
2025-01-01 04:27:00,T1004,19.467370456291647,3.1234168535946556
2025-01-01 04:28:00,T1003,37.8667990162493,3.4692419217308452
2025-01-01 04:29:00,T1003,25.29609217007244,3.152299294930485
2025-01-01 04:30:00,T1002,25.06964645956473,3.384230488134807
2025-01-01 04:31:00,T1004,24.879374564449982,3.9587987678039798
2025-01-01 04:32:00,T1004,25.990423803839274,2.796728717360179
2025-01-01 04:33:00,T1004,24.278197940380288,3.8699392805645223
2025-01-01 04:34:00,T1001,22.131689965598817,3.9585575336699326
2025-01-01 04:35:00,T1004,22.26570529379804,3.2409657365044606
2025-01-01 04:36:00,T1001,24.836233648920008,2.2390725504957025
2025-01-01 04:37:00,T1002,22.282876144331176,2.9960890064527836
2025-01-01 04:38:00,T1001,21.435771086614178,3.9484972732805543
2025-01-01 04:39:00,T1002,25.532151138459483,3.2885659688505586
2025-01-01 04:40:00,T1004,23.725113912895722,2.8003488838525445
2025-01-01 04:41:00,T1004,32.51996494291345,3.047612539385891
2025-01-01 04:42:00,T1002,11.745150958034941,3.720310013252276
2025-01-01 04:43:00,T1003,30.45753425961231,
2025-01-01 04:44:00,T1002,31.230425962488145,3.180533950415153
2025-01-01 04:45:00,T1003,14.633048837959253,3.116587794092656
2025-01-01 04:46:00,T1001,23.286562029598258,3.104120925478089
2025-01-01 04:47:00,T1001,23.142795670021044,2.8387949077507484
2025-01-01 04:48:00,T1001,17.962441526410892,4.107687844734721
2025-01-01 04:49:00,T1004,21.110916562045624,3.13883976539433
2025-01-01 04:50:00,T1001,19.447120772670857,3.908579260412748
2025-01-01 04:51:00,T1003,33.761352217118116,4.060658025961225
2025-01-01 04:52:00,T1001,29.678391965737305,3.79915544907398
2025-01-01 04:53:00,T1002,31.357775474970794,3.0841898436409756
2025-01-01 04:54:00,T1002,-50.0,3.5018650451683047
2025-01-01 04:55:00,T1004,19.354741143913856,3.287902196804542
2025-01-01 04:56:00,T1002,22.37739866860113,2.848149069634936
2025-01-01 04:57:00,T1003,27.44687280613959,3.462179640860801
2025-01-01 04:58:00,T1001,18.889360955540273,2.710480104420099
2025-01-01 04:59:00,T1004,28.56499215086194,3.8938396942307816
2025-01-01 05:00:00,T1001,23.798373009209325,
2025-01-01 05:01:00,T1001,23.125895962252013,3.4005798279364194
2025-01-01 05:02:00,T1003,28.554799841017456,3.441643935773071
2025-01-01 05:03:00,T1002,27.2213165574302,3.170547513147961
2025-01-01 05:04:00,T1002,23.1951691709046,3.5933469007376373
2025-01-01 05:05:00,T1001,30.79664901682124,3.0625481716887375
2025-01-01 05:06:00,T1004,19.594683362000513,3.735648648728622
2025-01-01 05:07:00,T1002,28.07967803472132,2.6270101598766256
2025-01-01 05:08:00,T1004,27.96550628984192,3.3631897897732057
2025-01-01 05:09:00,T1002,23.452267803430047,4.269464499529143
2025-01-01 05:10:00,T1004,26.63066511121059,2.7998343376972126
2025-01-01 05:11:00,T1003,18.744432118073483,2.961127514737574
2025-01-01 05:12:00,T1004,29.620135096034506,3.5569539248294575
2025-01-01 05:13:00,T1003,24.075489317785056,3.389790890969799
2025-01-01 05:14:00,T1003,22.386384897404803,1.0
2025-01-01 05:15:00,T1004,30.245046129184445,3.5445935650738316
2025-01-01 05:16:00,T1003,21.478281547286205,3.6173607342808847
2025-01-01 05:17:00,T1001,17.957693518182204,3.8548499209781113
2025-01-01 05:18:00,T1003,17.216854132380483,3.5049093284642563
2025-01-01 05:19:00,T1002,28.030049756728197,3.1793711726907286
2025-01-01 05:20:00,T1004,18.597853237518585,3.6362868506013655
2025-01-01 05:21:00,T1001,33.77397090992182,4.249940967447608
2025-01-01 05:22:00,T1004,14.59035296058139,3.233683126808713
2025-01-01 05:23:00,T1002,33.48228184145019,2.8127353476646793
2025-01-01 05:24:00,T1002,26.05508733601309,3.853540334643486
2025-01-01 05:25:00,T1002,24.516434440648037,7.0
2025-01-01 05:26:00,T1003,22.275404565955252,2.2136652269929815
2025-01-01 05:27:00,T1003,26.995680571760353,3.7237108385752107
2025-01-01 05:28:00,T1004,24.81182648787576,3.0323359070230387
2025-01-01 05:29:00,T1004,30.516509410082605,3.2547333588479193
2025-01-01 05:30:00,T1001,25.571138243310198,3.465990165284507
2025-01-01 05:31:00,T1001,25.75150880730939,3.395249839889533
2025-01-01 05:32:00,T1004,23.18193893893072,3.6547259085695196
2025-01-01 05:33:00,T1003,24.715271881394663,3.082256814715078
2025-01-01 05:34:00,T1002,26.539008844460295,3.5565528990880413
2025-01-01 05:35:00,T1004,16.449158036716874,3.170226661208041
2025-01-01 05:36:00,T1001,18.259072889471433,3.6694052404437514
2025-01-01 05:37:00,T1003,28.716320470113576,3.6076837420065266
2025-01-01 05:38:00,T1004,25.854327190639708,2.832280648977702
2025-01-01 05:39:00,T1004,24.080083318236603,3.8429910580875157
2025-01-01 05:40:00,T1003,25.092169665326967,3.032018277442976
2025-01-01 05:41:00,T1004,26.737908526808354,3.7040288991405723
2025-01-01 05:42:00,T1003,22.301201598453193,3.48364365670067
2025-01-01 05:43:00,T1002,21.108476372988438,4.219091838397561
2025-01-01 05:44:00,T1003,150.0,3.1882670088140737
2025-01-01 05:45:00,T1003,20.10813611192484,3.1253416019409013
2025-01-01 05:46:00,T1003,27.041263778572358,3.2902901970561333
2025-01-01 05:47:00,T1004,16.4870819788108,3.148410108582862
2025-01-01 05:48:00,T1004,30.14577818662822,3.699970950971025
2025-01-01 05:49:00,T1003,27.362987412065216,2.491844695781706
2025-01-01 05:50:00,T1004,26.28014867156938,2.7731587904268227
2025-01-01 05:51:00,T1001,29.91345491972757,1.0
2025-01-01 05:52:00,T1001,33.32737222231288,3.7751537959867876
2025-01-01 05:53:00,T1004,30.07185032509065,4.155306686290962
2025-01-01 05:54:00,T1004,15.795628843341774,3.247775390731264
2025-01-01 05:55:00,T1003,18.602115166321493,3.2155891384049946
2025-01-01 05:56:00,T1002,21.875907111521606,3.3350260815565904
2025-01-01 05:57:00,T1004,25.13045525105417,3.880939151304095
2025-01-01 05:58:00,T1001,27.588295102345615,2.8363234329047127
2025-01-01 05:59:00,T1003,21.371280934232672,3.4191844913673926
2025-01-01 06:00:00,T1004,25.93383382238539,3.7875988148912145
2025-01-01 06:01:00,T1001,21.22308533823339,3.5505470849699226
2025-01-01 06:02:00,T1001,21.942410985040258,3.3947908082993714
2025-01-01 06:03:00,T1002,17.96669451575889,3.8005230462835704
2025-01-01 06:04:00,T1003,20.38383376944548,1.9483838535003812
2025-01-01 06:05:00,T1003,18.24157697191833,3.6389376597654537
2025-01-01 06:06:00,T1002,20.120633735113337,2.972962158436288
2025-01-01 06:07:00,T1002,30.268208983039198,2.3846835515717713
2025-01-01 06:08:00,T1003,20.253005555840286,3.55560129976249
2025-01-01 06:09:00,T1003,38.161910324186955,3.9868292725814785
2025-01-01 06:10:00,T1004,27.466589504404446,3.231275742686154
2025-01-01 06:11:00,T1004,25.92418061847437,3.776437273601469
2025-01-01 06:12:00,T1002,20.708211099093933,4.1061391289943225
2025-01-01 06:13:00,T1004,28.501549397044958,3.9574572267920236
2025-01-01 06:14:00,T1001,22.12181086881113,4.119982264685696
2025-01-01 06:15:00,T1004,25.610049073226808,3.671063745535946
2025-01-01 06:16:00,T1004,37.800422691343975,3.337716819450796
2025-01-01 06:17:00,T1001,24.51970050137675,2.499017094051416
2025-01-01 06:18:00,T1002,30.74636663142838,3.1769687559350257
2025-01-01 06:19:00,T1001,21.48411787437056,2.878376702341904
2025-01-01 06:20:00,T1004,24.82505754751519,4.385471358748907
2025-01-01 06:21:00,T1002,33.85400317817755,3.2120570937838315
2025-01-01 06:22:00,T1004,21.865164711061162,3.3616024033922427
2025-01-01 06:23:00,T1001,34.062242789984644,3.5757426880202337
2025-01-01 06:24:00,T1001,28.538759677277376,3.3218012231862266
2025-01-01 06:25:00,T1004,22.18766612052866,4.1475255202153765
2025-01-01 06:26:00,T1003,28.162038695277605,2.9886753191327737
2025-01-01 06:27:00,T1003,29.86277224813365,3.3973037276186213
2025-01-01 06:28:00,T1001,28.10904981108598,2.9287647071509757
2025-01-01 06:29:00,T1001,17.148876400547717,2.639988744389647
2025-01-01 06:30:00,T1003,21.364314120875658,2.994115454547357
2025-01-01 06:31:00,T1003,23.762406822242475,3.281481601475794
2025-01-01 06:32:00,T1004,24.62783285449977,3.08534888774137
2025-01-01 06:33:00,T1004,28.103360487753392,2.9537895100630718
2025-01-01 06:34:00,T1003,25.888505004666268,2.596841268164083
2025-01-01 06:35:00,T1004,18.323278206449494,3.2584472136856526
2025-01-01 06:36:00,T1004,26.900989255029817,2.5476398129844986
2025-01-01 06:37:00,T1002,28.052928726419115,3.680027981844801
2025-01-01 06:38:00,T1004,27.7989522396552,3.3412198764672514
2025-01-01 06:39:00,T1001,30.403903627773108,2.5712242502675347
2025-01-01 06:40:00,T1004,29.16961077274452,3.145395461475068
2025-01-01 06:41:00,T1004,27.295900396142184,2.9239217972047085
2025-01-01 06:42:00,T1003,24.649171442706766,3.45958725520959
2025-01-01 06:43:00,T1001,16.69519533242004,3.970225223011572
2025-01-01 06:44:00,T1004,27.148091095662927,2.3624137651771275
2025-01-01 06:45:00,T1004,26.038438435815557,3.3575130395737083
2025-01-01 06:46:00,T1002,26.357894185976868,3.21993360221668
2025-01-01 06:47:00,T1004,18.616257120898453,3.6356700382252325
2025-01-01 06:48:00,T1004,19.594717297958688,3.4065983141188445
2025-01-01 06:49:00,T1002,30.26576426666452,2.92401533413059
2025-01-01 06:50:00,T1003,24.802224230716725,3.1404730321666907
2025-01-01 06:51:00,T1004,28.40750348686312,2.9019870715982554
2025-01-01 06:52:00,T1002,25.141591880652307,7.0
2025-01-01 06:53:00,T1001,,3.3106558243359707
2025-01-01 06:54:00,T1003,29.691419029879988,4.250595342876504
2025-01-01 06:55:00,T1001,22.41977635891313,3.2696695930926896
2025-01-01 06:56:00,T1001,25.480603884704916,2.9457966165447687
2025-01-01 06:57:00,T1002,22.688623556474788,2.5431428036935864
2025-01-01 06:58:00,T1004,22.82751886283842,2.398430161872027
2025-01-01 06:59:00,T1002,23.454139382656802,2.507932028497255
2025-01-01 07:00:00,T1002,26.110668858168566,3.4335633255057414
2025-01-01 07:01:00,T1002,22.606256891682612,3.5543625116149666
2025-01-01 07:02:00,T1002,31.278780627867604,2.5094046489839332
2025-01-01 07:03:00,T1003,20.52696348890248,3.7475191570380577
2025-01-01 07:04:00,T1004,24.065641779193204,3.0584694741582803
2025-01-01 07:05:00,T1001,22.801344708629124,3.3733965059927744
2025-01-01 07:06:00,T1001,32.23488942176866,4.1061103141277115
2025-01-01 07:07:00,T1004,25.982773882557872,3.7484196579327658
2025-01-01 07:08:00,T1001,30.159222697343175,3.1657346760470837
2025-01-01 07:09:00,T1004,17.57219813481514,2.854403887292356
2025-01-01 07:10:00,T1001,26.335251329346296,2.2240922993353474
2025-01-01 07:11:00,T1002,29.448153978117183,2.9404233403787896
2025-01-01 07:12:00,T1001,25.41141994637712,3.1944348805861527
2025-01-01 07:13:00,T1004,30.327401875326757,2.8064102364244077
2025-01-01 07:14:00,T1004,22.41355774949814,3.2343715164538476
2025-01-01 07:15:00,T1004,32.0467372009279,3.3384259414793838
2025-01-01 07:16:00,T1004,36.49449061809625,3.1875720090959607
2025-01-01 07:17:00,T1004,23.185807197801704,2.97499870958827
2025-01-01 07:18:00,T1003,-50.0,3.3843273359833637
2025-01-01 07:19:00,T1003,32.2669223855885,3.520970324784704
2025-01-01 07:20:00,T1001,32.89786072865356,2.7548004612785766
2025-01-01 07:21:00,T1004,22.385699864233658,4.005466189873135
2025-01-01 07:22:00,T1001,22.899065914520712,1.0
2025-01-01 07:23:00,T1004,23.591076955697464,3.309424811472424
2025-01-01 07:24:00,T1004,18.277747444828613,3.6541072116282782
2025-01-01 07:25:00,T1003,20.40674026757901,3.416608065631751
2025-01-01 07:26:00,T1003,19.97929616623966,3.7765683169566224
2025-01-01 07:27:00,T1002,21.161012174479357,3.443562082600912
2025-01-01 07:28:00,T1003,24.826575563066093,
2025-01-01 07:29:00,T1002,26.171073662682602,3.4807517626030506
2025-01-01 07:30:00,T1002,32.75250246407038,2.728136896339669
2025-01-01 07:31:00,T1002,20.008229796306047,1.0
2025-01-01 07:32:00,T1002,29.921611992382918,3.2833850046777693
2025-01-01 07:33:00,T1002,23.930055778872454,3.19594157136373
2025-01-01 07:34:00,T1001,24.752681451737836,3.2357312442805344
2025-01-01 07:35:00,T1003,28.37409746083302,2.35907547725118
2025-01-01 07:36:00,T1002,19.386389892188507,3.025637546129519
2025-01-01 07:37:00,T1004,26.912048730920255,3.3464224505705573
2025-01-01 07:38:00,T1003,25.83226104106528,3.3799281959987
2025-01-01 07:39:00,T1003,27.462256320040744,2.7861624295370206
2025-01-01 07:40:00,T1002,26.44584321953909,3.93285392043235
2025-01-01 07:41:00,T1001,37.276500699554475,2.8669125758927496
2025-01-01 07:42:00,T1002,21.81130007874342,3.784728600263368
2025-01-01 07:43:00,T1001,22.345015224990913,3.513597180935842
2025-01-01 07:44:00,T1004,21.88429736787618,2.9768863450780985
2025-01-01 07:45:00,T1003,22.222614404198726,4.187655446304756
2025-01-01 07:46:00,T1004,21.81306436346741,2.7031815841217597
2025-01-01 07:47:00,T1001,30.94508265553776,3.7595770868050007
2025-01-01 07:48:00,T1001,32.102521239949276,3.800291159021489
2025-01-01 07:49:00,T1004,22.14626853125262,2.964689895461677
2025-01-01 07:50:00,T1001,20.838222134478855,3.996232650032164
2025-01-01 07:51:00,T1004,27.35707778193202,3.1749767427005233
2025-01-01 07:52:00,T1003,22.238884778595143,3.4443468146399283
2025-01-01 07:53:00,T1004,28.164659088777555,3.43016091938561
2025-01-01 07:54:00,T1003,26.0146151042565,3.232845629264726
2025-01-01 07:55:00,T1004,17.42127942501384,3.705404136579891
2025-01-01 07:56:00,T1001,32.737526006650306,3.6967443602761065
2025-01-01 07:57:00,T1004,33.97938836547761,2.4257340133809095
2025-01-01 07:58:00,T1001,21.93605654757807,3.9521701214390763
2025-01-01 07:59:00,T1004,23.061492200320078,2.468754005982163
2025-01-01 08:00:00,T1004,26.429326953624525,1.0
2025-01-01 08:01:00,T1002,26.672283949935125,3.8633525684137915
2025-01-01 08:02:00,T1001,28.29272136336415,2.7545167848924006
2025-01-01 08:03:00,T1002,35.05102269383175,3.0945928560227074
2025-01-01 08:04:00,T1001,24.11526386252975,2.7471476657570317
2025-01-01 08:05:00,T1002,21.00851377730773,3.192539484855632
2025-01-01 08:06:00,T1003,18.103403859927365,3.1459828579071294
2025-01-01 08:07:00,T1004,21.345349800290403,3.6898302661346696
2025-01-01 08:08:00,T1001,24.834365135631014,3.9551543730598038
2025-01-01 08:09:00,T1001,33.97278931758894,3.997841905394978
2025-01-01 08:10:00,T1004,22.411943504819142,3.018915986710849
2025-01-01 08:11:00,T1001,26.118939758194493,3.195389063127736
2025-01-01 08:12:00,T1001,24.91788551963624,2.458280903889525
2025-01-01 08:13:00,T1002,30.94196636724042,2.8970649667519055
2025-01-01 08:14:00,T1001,-50.0,3.7824258165487286
2025-01-01 08:15:00,T1003,22.345656135398396,4.107791411774116
2025-01-01 08:16:00,T1003,22.55280278740889,2.682825564060039
2025-01-01 08:17:00,T1004,30.22080438534536,3.0037678704235526
2025-01-01 08:18:00,T1001,28.40945744813156,3.2867971215205363
2025-01-01 08:19:00,T1004,34.23353662868017,3.4400805794098033
2025-01-01 08:20:00,T1003,27.919640926629818,2.8951982400391767
2025-01-01 08:21:00,T1001,23.203539546064704,3.5120305222320445
2025-01-01 08:22:00,T1001,27.953274153461546,3.063080326464542
2025-01-01 08:23:00,T1004,30.543517902914537,3.29277386456086
2025-01-01 08:24:00,T1003,29.102410905986822,3.5731421240018495
2025-01-01 08:25:00,T1001,27.53637015553649,3.3032111349054687
2025-01-01 08:26:00,T1004,30.333373447945768,3.0818070547367156
2025-01-01 08:27:00,T1003,30.846477952228362,1.0
2025-01-01 08:28:00,T1004,31.910794955187637,3.255818520397332
2025-01-01 08:29:00,T1002,28.243549437948214,3.114994485058936
2025-01-01 08:30:00,T1001,24.164409598415727,3.170601968666449
2025-01-01 08:31:00,T1002,25.733568432166614,4.099323585252359
2025-01-01 08:32:00,T1003,31.032544832541785,3.5804597239706193
2025-01-01 08:33:00,T1002,150.0,3.1522598409854194
2025-01-01 08:34:00,T1002,26.843366544364507,3.6484772022553678
2025-01-01 08:35:00,T1003,23.033305938363196,3.133090255121995
2025-01-01 08:36:00,T1004,25.143724114674086,3.8865623187933203
2025-01-01 08:37:00,T1002,31.392259313036494,3.4848210960990467
2025-01-01 08:38:00,T1004,25.955495340099517,3.2463489279978854
2025-01-01 08:39:00,T1002,25.232182740780743,3.523858462905139
2025-01-01 08:40:00,T1004,18.200719295100406,2.51456192396575
2025-01-01 08:41:00,T1003,28.731267830136105,2.736616265545097
2025-01-01 08:42:00,T1002,28.227420905705376,2.703037496800472
2025-01-01 08:43:00,T1003,35.8162736165273,3.3714715473818533
2025-01-01 08:44:00,T1002,23.461108825234994,4.166257499742546
2025-01-01 08:45:00,T1003,26.095751638319694,4.415650073096316
2025-01-01 08:46:00,T1003,26.246918418553776,3.6190255507203783
2025-01-01 08:47:00,T1002,32.887266398817374,3.5504222374722283
2025-01-01 08:48:00,T1002,24.523522338065238,2.3994711329236305
2025-01-01 08:49:00,T1002,26.395107628851697,3.028663100132989
2025-01-01 08:50:00,T1001,28.039482548582697,2.9061081240458804
2025-01-01 08:51:00,T1004,25.93304561578179,2.989576200874442
2025-01-01 08:52:00,T1001,22.767831927247357,3.215928090707605
2025-01-01 08:53:00,T1001,25.97044996449154,3.0639547111514362
2025-01-01 08:54:00,T1003,30.36815874929886,2.310350094812106
2025-01-01 08:55:00,T1002,19.8674235029447,3.6739551280587666
2025-01-01 08:56:00,T1004,25.66484837073438,2.7636284871300965
2025-01-01 08:57:00,T1003,21.499395925304135,3.4196234320555745
2025-01-01 08:58:00,T1001,30.975233144624212,4.3370413348749866
2025-01-01 08:59:00,T1002,17.384065476081126,2.840307704206788
2025-01-01 09:00:00,T1003,22.205390763642058,2.034856238626835
2025-01-01 09:01:00,T1002,26.886059375322603,3.1569978890599444
2025-01-01 09:02:00,T1003,32.827620146171704,3.850479817499285
2025-01-01 09:03:00,T1002,24.67124869463506,4.2791737271102965
2025-01-01 09:04:00,T1001,22.22400236653401,2.6852252027737915
2025-01-01 09:05:00,T1004,34.40578534720295,3.548349611618261
2025-01-01 09:06:00,T1001,17.75993049791878,3.067344771609973
2025-01-01 09:07:00,T1004,14.005970216899591,3.247025822847932
2025-01-01 09:08:00,T1002,27.20007225026666,4.622171673508517
2025-01-01 09:09:00,T1003,22.489728878236946,2.548514835802423
2025-01-01 09:10:00,T1001,19.893835914346433,3.4268698307472865
2025-01-01 09:11:00,T1004,28.541782236496765,3.5338465858827166
2025-01-01 09:12:00,T1001,26.219003568855996,3.8428931624696734
2025-01-01 09:13:00,T1004,22.179606846316357,3.3489915767354477
2025-01-01 09:14:00,T1001,18.59847800664553,3.454025269752051
2025-01-01 09:15:00,T1004,29.362286641400722,3.104175716289104
2025-01-01 09:16:00,T1004,28.251005889793305,3.4345634706225536
2025-01-01 09:17:00,T1002,24.504120681103085,3.1284038622512944
2025-01-01 09:18:00,T1004,34.23318498023833,3.610785944928025
2025-01-01 09:19:00,T1002,,7.0
2025-01-01 09:20:00,T1004,17.372374145376305,3.4885501969510933
2025-01-01 09:21:00,T1003,21.540459650593778,3.2853685931575107
2025-01-01 09:22:00,T1003,24.77206991822251,3.863025125386084
2025-01-01 09:23:00,T1003,26.21669724661346,3.274303138205757
2025-01-01 09:24:00,T1004,23.79381971071835,2.413483765896559
2025-01-01 09:25:00,T1002,26.760276982571483,3.930960750356996
2025-01-01 09:26:00,T1002,18.74230287904778,2.8471338495686904
2025-01-01 09:27:00,T1004,32.2188230203663,2.9731168306755897
2025-01-01 09:28:00,T1003,24.589244108037157,3.0021693529782536
2025-01-01 09:29:00,T1003,30.586479157940637,3.9872190465854085
2025-01-01 09:30:00,T1002,26.71362673188852,2.232162893010652
2025-01-01 09:31:00,T1003,27.283766095768918,4.868874266829996
2025-01-01 09:32:00,T1001,27.84883640116102,3.8280284045330255
2025-01-01 09:33:00,T1002,27.238542800086574,3.4116194570645795
2025-01-01 09:34:00,T1003,28.21361379933772,3.2725529996918565
2025-01-01 09:35:00,T1002,31.645762650662157,3.4427770374288285
2025-01-01 09:36:00,T1001,25.98260584850735,3.560561214189669
2025-01-01 09:37:00,T1002,28.54501878794256,3.622607792975028
2025-01-01 09:38:00,T1002,24.551321528563868,3.577802233001724
2025-01-01 09:39:00,T1002,32.200586077247365,3.344790340627624
2025-01-01 09:40:00,T1002,21.61803848970365,3.201330789846337
2025-01-01 09:41:00,T1001,34.004702164554075,3.224363358173244
2025-01-01 09:42:00,T1004,24.799210246778284,3.202545859823659
2025-01-01 09:43:00,T1002,17.84612448940976,3.866885048433532
2025-01-01 09:44:00,T1002,25.640522074553946,3.596778361140431
2025-01-01 09:45:00,T1003,-50.0,1.8298056826678597
2025-01-01 09:46:00,T1002,29.203217744943622,3.6279503882648805
2025-01-01 09:47:00,T1003,21.736880103488044,3.3973680973593874
2025-01-01 09:48:00,T1004,22.769082833926102,3.290645621777051
2025-01-01 09:49:00,T1001,15.552296345272346,3.105740773455557
2025-01-01 09:50:00,T1001,22.738468403754617,3.8620563599930064
2025-01-01 09:51:00,T1004,12.880603366855217,3.773763231061429
2025-01-01 09:52:00,T1001,17.080485882571384,2.9135611660881953
2025-01-01 09:53:00,T1004,28.802073280721487,3.5035261435622673
2025-01-01 09:54:00,T1004,28.92900079325416,7.0
2025-01-01 09:55:00,T1004,27.127287808924823,2.6101909176055345
2025-01-01 09:56:00,T1001,20.165119284353935,2.986641387705017
2025-01-01 09:57:00,T1003,24.7614432192901,3.731196736191379
2025-01-01 09:58:00,T1004,24.981987304547157,3.7765625226880433
2025-01-01 09:59:00,T1002,19.208176554037287,3.5565427100486464
2025-01-01 10:00:00,T1001,32.51699150883575,3.6625478934239983
2025-01-01 10:01:00,T1004,29.386811452878355,3.558089143557479
2025-01-01 10:02:00,T1004,23.89517913085168,2.9792592023885236
2025-01-01 10:03:00,T1002,25.134429194972654,3.51596127233697
2025-01-01 10:04:00,T1003,26.04191403973776,3.700204762613841
2025-01-01 10:05:00,T1003,14.791325657878547,3.677145664906787
2025-01-01 10:06:00,T1003,23.764113087397014,3.894456685737321
2025-01-01 10:07:00,T1004,21.590078760011007,3.6541519236005318
2025-01-01 10:08:00,T1004,19.991899950525422,3.475724103770791
2025-01-01 10:09:00,T1004,,3.8350751191582138
2025-01-01 10:10:00,T1001,33.988432634247616,3.2867393703754697
2025-01-01 10:11:00,T1002,28.20421430633505,2.859062674386141
2025-01-01 10:12:00,T1004,22.144105051086015,3.218466518028118
2025-01-01 10:13:00,T1002,27.862913906780793,2.9275486775967754
2025-01-01 10:14:00,T1002,31.99677718293001,2.962410862512809
2025-01-01 10:15:00,T1003,29.623168414563843,3.227740664642241
2025-01-01 10:16:00,T1001,25.29815184960087,2.903790039500019
2025-01-01 10:17:00,T1004,21.76531611147213,3.14601923518048
2025-01-01 10:18:00,T1003,28.491116568067948,2.353192666523107
2025-01-01 10:19:00,T1003,26.967426927108747,3.406646853686469
2025-01-01 10:20:00,T1004,29.475966100138663,3.300602737681112
2025-01-01 10:21:00,T1002,28.175859008409848,2.8914556844659045
2025-01-01 10:22:00,T1003,30.247763576596675,3.6296228342162022
2025-01-01 10:23:00,T1002,22.32382394219716,3.768785068813279
2025-01-01 10:24:00,T1001,31.586970328171628,2.496220067815513
2025-01-01 10:25:00,T1002,25.987998023461998,2.9186376107168925
2025-01-01 10:26:00,T1001,35.37630436312632,2.9154288251063507
2025-01-01 10:27:00,T1002,21.55406090955216,2.8300484494455675
2025-01-01 10:28:00,T1003,33.67981901582625,3.714737420965874
2025-01-01 10:29:00,T1003,25.989553917313238,3.203086930613598
2025-01-01 10:30:00,T1001,21.74290998192776,3.1677425793446945
2025-01-01 10:31:00,T1004,22.58057082972839,2.298068817796623
2025-01-01 10:32:00,T1001,23.3982634590284,3.617709015104613
2025-01-01 10:33:00,T1001,27.120829732009582,2.6803708025732638
2025-01-01 10:34:00,T1002,27.6141774401775,3.3299663151331638
2025-01-01 10:35:00,T1002,150.0,3.4386884689790955
2025-01-01 10:36:00,T1001,24.878227038695087,3.9803292979193254
2025-01-01 10:37:00,T1003,35.71135179305932,2.645589800440444
2025-01-01 10:38:00,T1002,33.637715850503554,1.7902439220895872
2025-01-01 10:39:00,T1004,27.18161834837016,3.3919247723768473
2025-01-01 10:40:00,T1002,25.190017390841,4.200255590755427
2025-01-01 10:41:00,T1002,25.600156633591308,3.9194731764697184
2025-01-01 10:42:00,T1004,28.06758986365208,3.4048297076373126
2025-01-01 10:43:00,T1001,19.886037174007974,3.054181907183976
2025-01-01 10:44:00,T1004,23.713117312883274,3.7035612983186548
2025-01-01 10:45:00,T1001,16.657079630612053,2.8132269001477654
2025-01-01 10:46:00,T1001,26.996115613026397,3.5381788846781093
2025-01-01 10:47:00,T1001,28.235979698513706,3.5527350795833135
2025-01-01 10:48:00,T1004,22.58406768850313,3.83010495374944
2025-01-01 10:49:00,T1001,32.869933816450164,4.6798300194555384
2025-01-01 10:50:00,T1003,18.871171684988294,3.4962079835893833
2025-01-01 10:51:00,T1004,17.6781255989509,3.0455181871462504
2025-01-01 10:52:00,T1003,26.12225909279986,3.2872128439040025
2025-01-01 10:53:00,T1001,30.235491513060772,2.4154620475554407
2025-01-01 10:54:00,T1002,33.419638457289345,2.952643434455471
2025-01-01 10:55:00,T1001,22.7055786856553,3.0953587809434477
2025-01-01 10:56:00,T1003,30.39340416715648,3.0379558010327035
2025-01-01 10:57:00,T1003,24.807457652496463,3.376177436016861
2025-01-01 10:58:00,T1004,24.136863500295902,2.8887900338088994
2025-01-01 10:59:00,T1002,29.41829968743336,3.8605153336622355
2025-01-01 11:00:00,T1004,28.2616143920671,3.300103532459098
2025-01-01 11:01:00,T1003,,3.295349839430693
2025-01-01 11:02:00,T1001,32.38270174862948,3.136052641743541
2025-01-01 11:03:00,T1002,31.900456770737257,3.3775953419294895
2025-01-01 11:04:00,T1001,21.872186492452354,3.7125491323338173
2025-01-01 11:05:00,T1001,26.979017667187044,2.8664348921445497
2025-01-01 11:06:00,T1002,27.470150931413695,2.9709417554623716
2025-01-01 11:07:00,T1004,26.303368829119535,3.1481369856116674
2025-01-01 11:08:00,T1001,150.0,2.6270645382633924
2025-01-01 11:09:00,T1003,21.641883160309742,2.890371070139251
2025-01-01 11:10:00,T1001,24.872229645042772,3.06188956322767
2025-01-01 11:11:00,T1002,30.86364509629682,3.7371945903563635
2025-01-01 11:12:00,T1002,27.71800077297216,3.4312806645009624
2025-01-01 11:13:00,T1002,23.14692833956947,3.396794955683772
2025-01-01 11:14:00,T1004,28.858493553241722,3.7254489810839857
2025-01-01 11:15:00,T1001,10.757286896849623,3.2313141058003017
2025-01-01 11:16:00,T1004,30.743828501860516,3.4952324249644446
2025-01-01 11:17:00,T1004,16.301431106109504,3.2483891235337516
2025-01-01 11:18:00,T1002,23.18779529298434,3.4326811746998143
2025-01-01 11:19:00,T1002,19.401650526869282,3.0086206711942087
2025-01-01 11:20:00,T1004,18.526592621395473,2.0805914208617855
2025-01-01 11:21:00,T1001,30.804133936892597,3.232860418906848
2025-01-01 11:22:00,T1003,22.661493993440544,4.01137406804997
2025-01-01 11:23:00,T1004,26.73251940865358,3.763107701120796
2025-01-01 11:24:00,T1001,24.76539710560408,3.7826987422955853
2025-01-01 11:25:00,T1002,27.385204136115608,3.9180653609031086
2025-01-01 11:26:00,T1002,25.384109455301278,3.3443287954807186
2025-01-01 11:27:00,T1001,18.58503887905715,3.398657853702798
2025-01-01 11:28:00,T1003,29.9813340972357,2.9911740522828247
2025-01-01 11:29:00,T1002,22.531217084193436,3.141963571986475
2025-01-01 11:30:00,T1002,17.217090506701247,3.6078855748855707
2025-01-01 11:31:00,T1002,22.859424195170437,3.901942218584408
2025-01-01 11:32:00,T1001,32.503798953171554,3.2302768621595
2025-01-01 11:33:00,T1004,29.251108710567465,3.074905367574294
2025-01-01 11:34:00,T1002,23.256739327960705,3.3002639794282986
2025-01-01 11:35:00,T1004,23.253711478407855,3.600603374464557
2025-01-01 11:36:00,T1003,23.391824743913087,2.578072591933229
2025-01-01 11:37:00,T1002,35.383739917804206,2.1519095234313808
2025-01-01 11:38:00,T1002,26.909677261157768,3.024731575254208
2025-01-01 11:39:00,T1003,27.150208235955347,2.6896437870429204
2025-01-01 11:40:00,T1002,30.15141727015921,3.0459299011763443
2025-01-01 11:41:00,T1004,26.193945795132567,3.2261098405912643
2025-01-01 11:42:00,T1001,23.704789270896484,3.0733757954884933
2025-01-01 11:43:00,T1004,24.01825075457511,4.0262337672353725
2025-01-01 11:44:00,T1001,24.641993702929682,3.4633723823011597
2025-01-01 11:45:00,T1001,24.813888817450792,3.450237179805414
2025-01-01 11:46:00,T1004,28.6381477181849,3.6111035720217006
2025-01-01 11:47:00,T1004,25.259729429036497,2.7305834411096153
2025-01-01 11:48:00,T1004,28.663200386077897,3.819555893710134
2025-01-01 11:49:00,T1004,24.59641709945709,3.26211785673227
2025-01-01 11:50:00,T1003,25.393175951580453,3.635240308620606
2025-01-01 11:51:00,T1002,15.008996577339461,2.764071383479922
2025-01-01 11:52:00,T1001,29.58163837351241,2.5231206169919678
2025-01-01 11:53:00,T1004,26.732442379489964,3.708944829012514
2025-01-01 11:54:00,T1004,29.99005054929826,3.488204763048758
2025-01-01 11:55:00,T1004,10.518723109031553,2.8489742228212447
2025-01-01 11:56:00,T1003,35.44187352390364,2.8651684593626525
2025-01-01 11:57:00,T1004,24.302051859224132,3.8627173922073847
2025-01-01 11:58:00,T1004,30.540914083687582,2.7052940535663357
2025-01-01 11:59:00,T1004,19.800470364372345,4.121336476627982
2025-01-01 12:00:00,T1002,28.06386952531285,2.8496896326760655
2025-01-01 12:01:00,T1003,19.73292218413172,3.6191959628041914
2025-01-01 12:02:00,T1004,21.881155196520975,3.1356907621255075
2025-01-01 12:03:00,T1001,34.570156769333934,3.6015937155411715
2025-01-01 12:04:00,T1001,24.046587996183266,3.0279429989429034
2025-01-01 12:05:00,T1001,26.087164365898616,3.2186035469638528
2025-01-01 12:06:00,T1003,29.35033865344377,3.32045958769786
2025-01-01 12:07:00,T1003,27.47840943986302,2.7989062721092637
2025-01-01 12:08:00,T1001,25.752094525717883,3.670412172710063
2025-01-01 12:09:00,T1004,26.824805012331126,3.043393216764207
2025-01-01 12:10:00,T1003,37.01707792619138,3.1857000423299904
2025-01-01 12:11:00,T1001,24.711906014832074,2.802825312695744
2025-01-01 12:12:00,T1001,26.005495233574837,2.0188331706023446
2025-01-01 12:13:00,T1004,30.25327198003806,3.2044861186999154
2025-01-01 12:14:00,T1002,30.52762966478992,4.506307710806458
2025-01-01 12:15:00,T1003,30.9351515278019,3.6923021439490116
2025-01-01 12:16:00,T1004,28.19365111014592,3.2903698101328027
2025-01-01 12:17:00,T1001,19.284975436347583,3.168554585395866
2025-01-01 12:18:00,T1001,33.16715766150548,3.311232946406023
2025-01-01 12:19:00,T1004,19.26827303490656,3.573559557587605
2025-01-01 12:20:00,T1003,26.513177326195166,2.7095935923455774
2025-01-01 12:21:00,T1002,21.22862074990321,3.857160847334436
2025-01-01 12:22:00,T1002,24.679308267035037,3.6576906577206216
2025-01-01 12:23:00,T1001,26.6438120515174,3.659092862853967
2025-01-01 12:24:00,T1003,26.606786077251364,7.0
2025-01-01 12:25:00,T1002,27.109603771176424,3.309808328846995
2025-01-01 12:26:00,T1003,33.06855634529323,3.6364306179834096
2025-01-01 12:27:00,T1003,27.2676715075699,3.595907066870689
2025-01-01 12:28:00,T1001,23.779216823546758,3.122979644529488
2025-01-01 12:29:00,T1002,29.820435841441785,3.0131991135515492
2025-01-01 12:30:00,T1004,30.947352444623203,3.3509281476309933
2025-01-01 12:31:00,T1001,18.86196092431504,4.074510075747593
2025-01-01 12:32:00,T1002,27.98700034924929,2.6804464621730495
2025-01-01 12:33:00,T1002,28.50586371155449,2.56623736712378
2025-01-01 12:34:00,T1002,23.51218248320004,3.3823804206182584
2025-01-01 12:35:00,T1002,31.878534066558096,3.325443850928009
2025-01-01 12:36:00,T1002,24.249722064837368,3.386670832185204
2025-01-01 12:37:00,T1003,25.627882267357712,3.42197659895425
2025-01-01 12:38:00,T1001,24.13464087858065,3.188398872682597
2025-01-01 12:39:00,T1003,25.077895237907338,4.044931719301041
2025-01-01 12:40:00,T1004,19.518624565523993,2.499548010761742
2025-01-01 12:41:00,T1002,17.79974558702853,2.885751487609877
2025-01-01 12:42:00,T1001,32.97252531612486,3.248372619925476
2025-01-01 12:43:00,T1002,20.76519325840836,2.478405594422916
2025-01-01 12:44:00,T1001,20.043038252718464,3.2120727977839643
2025-01-01 12:45:00,T1003,14.233049431981426,4.130735082864009
2025-01-01 12:46:00,T1001,21.805191261552487,3.3104432441479807
2025-01-01 12:47:00,T1004,18.38455103296251,3.4153504528593417
2025-01-01 12:48:00,T1004,33.21007580068185,2.66991761741371
2025-01-01 12:49:00,T1001,30.04908544671317,2.991819295980261
2025-01-01 12:50:00,T1001,21.559248274111383,3.1124018098380315
2025-01-01 12:51:00,T1001,36.26217902672154,3.141142451621883
2025-01-01 12:52:00,T1001,29.90882743495797,3.940821897501884
2025-01-01 12:53:00,T1004,23.37584308245689,3.578845530362562
2025-01-01 12:54:00,T1002,12.502971425632134,2.7442710215314836
2025-01-01 12:55:00,T1001,36.45471286295371,3.4232523892160023
2025-01-01 12:56:00,T1001,18.05213766618202,3.5491108742483926
2025-01-01 12:57:00,T1004,-50.0,3.870074519260633
2025-01-01 12:58:00,T1004,30.112852160048202,4.090270343284186
2025-01-01 12:59:00,T1003,37.19876203169636,2.7924529040860655
2025-01-01 13:00:00,T1001,31.92136409255259,2.8945712443948306
2025-01-01 13:01:00,T1003,27.819545600261797,2.6712110705426917
2025-01-01 13:02:00,T1004,27.97377170832643,3.1829900704465093
2025-01-01 13:03:00,T1004,29.26707779390154,3.5331791872231673
2025-01-01 13:04:00,T1002,28.794642948933827,3.7936672582945508
2025-01-01 13:05:00,T1001,26.405957119846878,3.2620244881787386
2025-01-01 13:06:00,T1003,25.52100551975938,3.1400762383725778
2025-01-01 13:07:00,T1004,24.687034360502388,3.37587899612437
2025-01-01 13:08:00,T1004,21.23017705566662,2.882428549184988
2025-01-01 13:09:00,T1003,,4.344769360847387
2025-01-01 13:10:00,T1002,16.535215929023074,2.4961694864409703
2025-01-01 13:11:00,T1004,-50.0,3.3923702894478622
2025-01-01 13:12:00,T1001,20.057044464245415,4.31180310961482
2025-01-01 13:13:00,T1004,19.482053413921143,3.303399922279999
2025-01-01 13:14:00,T1001,25.899470755767393,3.2049804824992525
2025-01-01 13:15:00,T1003,31.960011431722997,3.1212772885947864
2025-01-01 13:16:00,T1001,29.591583030011563,3.209804159118796
2025-01-01 13:17:00,T1003,17.147496981884114,3.986424237338265
2025-01-01 13:18:00,T1001,20.051859317148313,2.1940690443352464
2025-01-01 13:19:00,T1003,29.70385593994108,4.066716850648163
2025-01-01 13:20:00,T1001,20.087563032308452,2.5880214237749275
2025-01-01 13:21:00,T1002,23.876834250014877,3.1666738353827926
2025-01-01 13:22:00,T1001,150.0,3.0853777898506687
2025-01-01 13:23:00,T1001,20.158277725681824,3.5942766348853596
2025-01-01 13:24:00,T1002,25.5268775307298,2.500937824058126
2025-01-01 13:25:00,T1004,18.329872525408977,3.5310863330409714
2025-01-01 13:26:00,T1004,21.99316178024393,4.312154811643426
2025-01-01 13:27:00,T1001,26.598909670712686,2.6184129977035946
2025-01-01 13:28:00,T1002,17.035031332341653,3.394853083805198
2025-01-01 13:29:00,T1001,27.202373689801995,2.969008911101695
2025-01-01 13:30:00,T1003,24.901811005366593,3.5129436030965175
2025-01-01 13:31:00,T1003,27.762449772085738,3.309573888707876
2025-01-01 13:32:00,T1001,26.119570670323306,2.979256545477845
2025-01-01 13:33:00,T1004,31.82070214986922,3.5439361424355367
2025-01-01 13:34:00,T1004,25.626122513239537,4.202174054893371
2025-01-01 13:35:00,T1001,22.852972294373735,3.2045481041363506
2025-01-01 13:36:00,T1001,25.611487515161418,
2025-01-01 13:37:00,T1003,27.71649014518194,2.653363521064418
2025-01-01 13:38:00,T1004,25.24430035162852,2.8217818115909954
2025-01-01 13:39:00,T1001,25.202958456019413,3.5362031389401887
2025-01-01 13:40:00,T1003,21.490041560966223,1.0
2025-01-01 13:41:00,T1004,21.68549541224526,3.4778066743928298
2025-01-01 13:42:00,T1002,17.986973641001534,3.1434709847384226
2025-01-01 13:43:00,T1003,33.7478837159347,3.299645702711677
2025-01-01 13:44:00,T1004,18.780683823043574,2.674796133015141
2025-01-01 13:45:00,T1004,21.53547401102046,3.6022576631776833
2025-01-01 13:46:00,T1003,21.40796367215401,3.7411665311617046
2025-01-01 13:47:00,T1002,29.474621884722207,3.0739548335834597
2025-01-01 13:48:00,T1003,23.52525160853986,3.064978926120249
2025-01-01 13:49:00,T1004,31.238710363368668,3.432939114826024
2025-01-01 13:50:00,T1001,21.63254687878066,3.081640131979702
2025-01-01 13:51:00,T1001,26.39497081111901,3.2669336926870884
2025-01-01 13:52:00,T1003,20.823264733701215,4.349860894583258
2025-01-01 13:53:00,T1004,35.72574563886694,3.1764871496270013
2025-01-01 13:54:00,T1001,19.062007904852436,3.1208299239893886
2025-01-01 13:55:00,T1004,26.549103551135136,2.9762290971824203
2025-01-01 13:56:00,T1003,28.168884404660492,3.6720959857499684
2025-01-01 13:57:00,T1001,27.068995487257492,3.209387913390948
2025-01-01 13:58:00,T1004,24.073561705611457,2.975313480839287
2025-01-01 13:59:00,T1001,24.35089650133287,3.960652016136506
2025-01-01 14:00:00,T1003,25.219057359895547,4.009801502256819
2025-01-01 14:01:00,T1004,24.264989991857558,2.9997882171306474
2025-01-01 14:02:00,T1001,29.819395583974547,2.3667300243196916
2025-01-01 14:03:00,T1003,36.05261500795676,3.803756844918461
2025-01-01 14:04:00,T1001,22.212541074960832,2.957685087119998
2025-01-01 14:05:00,T1001,18.150985102104613,3.695312799581384
2025-01-01 14:06:00,T1002,24.558589758243727,2.314948091144082
2025-01-01 14:07:00,T1002,37.898546688271594,3.7462986691496543
2025-01-01 14:08:00,T1003,20.981627160151348,2.694414035359609
2025-01-01 14:09:00,T1002,33.195584027220335,3.665382059533262
2025-01-01 14:10:00,T1003,33.388504070382204,3.307136533918217
2025-01-01 14:11:00,T1002,22.232058791460027,2.8230302903016775
2025-01-01 14:12:00,T1001,27.844915395926378,3.0964818435366097
2025-01-01 14:13:00,T1003,33.14198311564269,3.6431592284783503
2025-01-01 14:14:00,T1003,23.104361295062564,3.352947226557617
2025-01-01 14:15:00,T1001,23.982098199488192,3.592206490236242
2025-01-01 14:16:00,T1003,22.09159543025678,4.288220292257742
2025-01-01 14:17:00,T1003,19.926216346535668,2.517879194144474
2025-01-01 14:18:00,T1002,21.753612274669965,4.108606287484312
2025-01-01 14:19:00,T1003,18.880298666188718,3.3521779687616062
2025-01-01 14:20:00,T1004,25.17041734129613,2.850607975838436
2025-01-01 14:21:00,T1001,21.15013384470679,2.634843187130505
2025-01-01 14:22:00,T1002,26.16892955895374,3.205439804611483
2025-01-01 14:23:00,T1002,17.220521768981865,3.7608250559622296
2025-01-01 14:24:00,T1004,26.654401161072286,3.236225439811233
2025-01-01 14:25:00,T1001,29.167644808044624,4.055577465123673
2025-01-01 14:26:00,T1001,15.031321787142723,2.5744121549742203
2025-01-01 14:27:00,T1002,,3.2939555260769726
2025-01-01 14:28:00,T1003,31.13834496236646,2.67380327779344
2025-01-01 14:29:00,T1002,18.951794906543974,3.4818159413124836
2025-01-01 14:30:00,T1001,33.362861934188516,3.74344369504865
2025-01-01 14:31:00,T1004,27.095095046830227,3.0896191031594733
2025-01-01 14:32:00,T1002,21.474940721207957,1.9978930716864327
2025-01-01 14:33:00,T1001,24.72115461171147,3.399474073398247
2025-01-01 14:34:00,T1002,27.79163456260861,3.5183692758667546
2025-01-01 14:35:00,T1003,25.380026957062057,3.5021473774808487
2025-01-01 14:36:00,T1002,27.693779962231847,3.917891095911077
2025-01-01 14:37:00,T1002,20.39663203460317,2.7644731601754753
2025-01-01 14:38:00,T1001,25.84680412018039,3.6401080527252248
2025-01-01 14:39:00,T1001,17.9314275154751,3.896253756238987
2025-01-01 14:40:00,T1001,24.4438696932565,
2025-01-01 14:41:00,T1002,20.480461792676053,3.4598259129594884
2025-01-01 14:42:00,T1003,21.322350287051165,3.047910084496164
2025-01-01 14:43:00,T1004,31.18046587605219,3.259238663449177
2025-01-01 14:44:00,T1004,30.456550602971344,3.473838241769168
2025-01-01 14:45:00,T1001,28.045690604535885,3.0563857179432237
2025-01-01 14:46:00,T1001,19.538436176637106,2.962145960419194
2025-01-01 14:47:00,T1002,23.41795775152599,3.317076208744012
2025-01-01 14:48:00,T1004,31.065488499895917,2.7563770305685984
2025-01-01 14:49:00,T1001,25.708584568199523,2.7570874355574073
2025-01-01 14:50:00,T1003,,3.6396866414782516
2025-01-01 14:51:00,T1003,26.96658919697186,2.725602982420672
2025-01-01 14:52:00,T1001,25.960245582450156,3.633156250454606
2025-01-01 14:53:00,T1001,23.454417678987493,3.5312956464269756
2025-01-01 14:54:00,T1004,25.66770452391141,2.4370966356047017
2025-01-01 14:55:00,T1004,24.23765081809728,2.9612176738321723
2025-01-01 14:56:00,T1002,28.54054338344295,3.897054701523686
2025-01-01 14:57:00,T1004,29.78351158397292,2.809417234430159
2025-01-01 14:58:00,T1003,21.070052697460252,3.067797868845306
2025-01-01 14:59:00,T1003,18.34383523221111,3.531030446625948
2025-01-01 15:00:00,T1001,15.818973134483517,3.6916952546412976
2025-01-01 15:01:00,T1004,27.539956634562717,3.174230556977752
2025-01-01 15:02:00,T1002,19.483166969130632,3.001244902654179
2025-01-01 15:03:00,T1003,14.235547035237586,4.011184930849254
2025-01-01 15:04:00,T1003,26.942893022654822,4.169449831898789
2025-01-01 15:05:00,T1002,37.46499758716395,3.7894290253908975
2025-01-01 15:06:00,T1002,24.969645442300532,3.3426590712825117
2025-01-01 15:07:00,T1003,29.19245387225821,2.8958671391795368
2025-01-01 15:08:00,T1003,25.409146792737825,2.884777796721717
2025-01-01 15:09:00,T1002,24.505551734044285,3.5612570526328784
2025-01-01 15:10:00,T1003,29.595382414938843,3.509199110444342
2025-01-01 15:11:00,T1001,23.548627279056742,4.000799296473215
2025-01-01 15:12:00,T1001,26.336961570359513,3.6252250462680693
2025-01-01 15:13:00,T1002,26.608489030980067,2.548459849120091
2025-01-01 15:14:00,T1004,21.659547731784755,3.825973808861459
2025-01-01 15:15:00,T1002,29.960211747682614,2.8009696863427935
2025-01-01 15:16:00,T1002,,3.1080143640238242
2025-01-01 15:17:00,T1004,21.221274202535778,3.425100103125847
2025-01-01 15:18:00,T1004,27.682549217852017,4.297833744891982
2025-01-01 15:19:00,T1004,20.507660091044812,4.8549592780026805
2025-01-01 15:20:00,T1001,25.140905786845643,3.603361529568091
2025-01-01 15:21:00,T1003,24.95440501677898,3.208401690639806
2025-01-01 15:22:00,T1001,30.42947782915789,3.567252824240275
2025-01-01 15:23:00,T1003,27.373491164399763,3.743827712936918
2025-01-01 15:24:00,T1001,24.87486520627428,3.139666187221404
2025-01-01 15:25:00,T1003,29.088831496001436,4.197605677956161
2025-01-01 15:26:00,T1001,31.951037745086566,3.4150353795957007
2025-01-01 15:27:00,T1004,27.789051531759313,3.548871544545697
2025-01-01 15:28:00,T1002,25.051763099216902,3.6329621260272305
2025-01-01 15:29:00,T1001,18.4408188382492,3.5107933053072276
2025-01-01 15:30:00,T1003,19.674431684623137,3.719470250234806
2025-01-01 15:31:00,T1004,23.47387647822666,2.991373406726538
2025-01-01 15:32:00,T1001,21.952438989203586,3.0208491230269847
2025-01-01 15:33:00,T1001,24.06514348507277,2.7499228835141523
2025-01-01 15:34:00,T1004,25.283249624485535,3.5197506153101132
2025-01-01 15:35:00,T1001,27.648463771783653,3.6894682517560566
2025-01-01 15:36:00,T1002,24.647506109704544,3.5288864330759426
2025-01-01 15:37:00,T1001,27.43250821913101,4.137246216673768
2025-01-01 15:38:00,T1002,-50.0,3.2972019905854766
2025-01-01 15:39:00,T1002,15.122667168230643,3.634370827796256
2025-01-01 15:40:00,T1004,20.303323030906228,2.7541495619303427
2025-01-01 15:41:00,T1001,24.279562221391924,3.106450148762799
2025-01-01 15:42:00,T1004,18.95152628579446,3.6477688787828884
2025-01-01 15:43:00,T1001,27.999643649981024,3.7245510553715717
2025-01-01 15:44:00,T1001,32.65375416171849,3.153016526167909
2025-01-01 15:45:00,T1003,31.093809258486584,3.2642003740709664
2025-01-01 15:46:00,T1001,,2.541063126659595
2025-01-01 15:47:00,T1004,32.45363068424976,3.121485399596695
2025-01-01 15:48:00,T1002,25.743337286010558,3.745191581759893
2025-01-01 15:49:00,T1001,23.314570144409803,3.587602508053283
2025-01-01 15:50:00,T1003,21.9329866822953,3.5503328606906046
2025-01-01 15:51:00,T1004,23.487651567559357,3.32488684359048
2025-01-01 15:52:00,T1001,23.059115907293858,3.3035315793140883
2025-01-01 15:53:00,T1004,25.85208111187744,2.9698394302632765
2025-01-01 15:54:00,T1003,25.802869905249324,3.649414210101267
2025-01-01 15:55:00,T1003,25.015230100767074,3.5104864721946947
2025-01-01 15:56:00,T1004,27.184690848731748,3.5460094239963995
2025-01-01 15:57:00,T1001,30.953231373931708,3.0369825786662097
2025-01-01 15:58:00,T1002,29.747770677206617,2.2233285400643776
2025-01-01 15:59:00,T1003,17.575510157750482,3.8485763558768475
2025-01-01 16:00:00,T1001,12.230394325490225,3.060581271995798
2025-01-01 16:01:00,T1001,29.67159955619637,2.8686121179784396
2025-01-01 16:02:00,T1002,18.165606507922895,3.646739455956997
2025-01-01 16:03:00,T1003,23.87617299053658,3.103993680040435
2025-01-01 16:04:00,T1003,19.149434869703203,3.8299681920233106
2025-01-01 16:05:00,T1001,15.9900978120999,3.6085029747883484
2025-01-01 16:06:00,T1001,27.70731364102394,3.6417846616002385
2025-01-01 16:07:00,T1002,28.795775801513233,2.6170221443997326
2025-01-01 16:08:00,T1002,22.1174479963664,3.9059719926932
2025-01-01 16:09:00,T1003,12.044788539275451,3.430625265616928
2025-01-01 16:10:00,T1004,22.268777758737585,3.115361430376898
2025-01-01 16:11:00,T1003,26.959020027012734,3.3716942336711253
2025-01-01 16:12:00,T1001,17.605442156129357,2.41188238355084
2025-01-01 16:13:00,T1003,25.91679959889578,3.5043264057403354
2025-01-01 16:14:00,T1004,24.923450754135022,2.785314245908964
2025-01-01 16:15:00,T1002,27.896457498005443,2.6236648570782326
2025-01-01 16:16:00,T1004,25.597901842070765,2.5388204068910545
2025-01-01 16:17:00,T1004,20.13465529559222,3.8563441874949627
2025-01-01 16:18:00,T1004,30.982857508322457,2.9853683031536056
2025-01-01 16:19:00,T1002,24.20735213486515,4.06686385495825
2025-01-01 16:20:00,T1004,24.86347730245034,3.032099268473851
2025-01-01 16:21:00,T1004,20.333660204634022,2.4463210212035262
2025-01-01 16:22:00,T1004,22.783588744042447,2.7417377800256704
2025-01-01 16:23:00,T1001,20.575986429865495,3.917905810003469
2025-01-01 16:24:00,T1004,24.135269700382885,7.0
2025-01-01 16:25:00,T1002,33.558542400711715,3.0258563517546992
2025-01-01 16:26:00,T1004,18.140494285343216,3.380009112926394
2025-01-01 16:27:00,T1004,16.932193010616295,3.5508913680837724
2025-01-01 16:28:00,T1002,32.35585163746804,3.8586994079512302
2025-01-01 16:29:00,T1004,23.95338161424067,4.024249614946463
2025-01-01 16:30:00,T1002,21.654636306700418,3.120115677105457
2025-01-01 16:31:00,T1004,30.19952343698038,2.6369761569589807
2025-01-01 16:32:00,T1002,21.97192230131568,3.093267419438362
2025-01-01 16:33:00,T1004,34.13004856773468,3.4301402532914427
2025-01-01 16:34:00,T1004,28.389629356696346,2.8181205368946944
2025-01-01 16:35:00,T1001,22.560442959271487,2.8214245425524784
2025-01-01 16:36:00,T1001,35.786541066327516,3.4718939407749425
2025-01-01 16:37:00,T1004,21.97142538498331,3.275673824214774
2025-01-01 16:38:00,T1004,28.710476860046533,3.316398497705793
2025-01-01 16:39:00,T1003,26.49646290203246,2.920752332649965
2025-01-01 15:12:00,T1001,26.336961570359513,3.6252250462680693
2025-01-01 14:50:00,T1003,,3.6396866414782516
2025-01-01 15:19:00,T1004,20.507660091044812,4.8549592780026805
2025-01-01 07:57:00,T1004,33.97938836547761,2.4257340133809095
2025-01-01 04:02:00,T1004,25.278624561443472,3.3339277552637014
2025-01-01 05:36:00,T1001,18.259072889471433,3.6694052404437514
2025-01-01 10:22:00,T1003,30.247763576596675,3.6296228342162022
2025-01-01 06:13:00,T1004,28.501549397044958,3.9574572267920236
2025-01-01 05:23:00,T1002,33.48228184145019,2.8127353476646793
2025-01-01 08:46:00,T1003,26.246918418553776,3.6190255507203783
