timestamp,node_id,gateway_id,frequency_MHz,RSSI_dBm,SNR_dB,packet_size_bytes,transmission_status,payload_crc
2025-06-01 00:00:00,Node-C,GW-2,865.7,-89.13198905781611,4.915729059775933,32,Success,True
2025-06-01 00:01:00,Node-D,GW-3,865.1,-82.82180579025248,4.33962895913009,32,Success,True
2025-06-01 00:02:00,Node-A,GW-1,865.1,-71.3468309797962,3.2186140332310265,32,Success,True
2025-06-01 00:03:00,Node-C,GW-1,865.1,-72.35903921503726,2.102727753181222,64,Success,True
2025-06-01 00:04:00,Node-C,GW-1,865.3,-72.26892793304762,7.435820985185875,128,Success,True
2025-06-01 00:05:00,Node-D,GW-1,865.7,-91.55179751140432,9.013493062898352,128,Success,True
2025-06-01 00:06:00,Node-A,GW-1,865.1,-82.3658035072914,9.448144382517246,20,Success,True
2025-06-01 00:07:00,Node-A,GW-1,865.7,-83.96393835047805,3.556779327846547,64,Success,True
2025-06-01 00:08:00,Node-C,GW-1,865.3,-75.74821157725299,7.561174016771832,128,Success,True
2025-06-01 00:09:00,Node-B,GW-2,865.1,-76.64342010351102,5.708977708183326,64,Fail,True
2025-06-01 00:10:00,Node-C,GW-3,865.5,-78.44572669257063,3.287985954160024,20,Fail,True
2025-06-01 00:11:00,Node-C,GW-1,865.3,-55.34266044580071,7.202654656124588,20,Fail,True
2025-06-01 00:12:00,Node-C,GW-2,865.5,-82.90806080144037,3.150184837863509,20,Success,True
2025-06-01 00:13:00,Node-C,GW-2,865.7,-84.07823086068544,3.8714701916549346,32,Success,True
2025-06-01 00:14:00,Node-D,GW-3,865.7,-91.56749670336056,0.8698108924891104,64,Success,True
2025-06-01 00:15:00,Node-A,GW-1,865.3,-95.37847325928871,3.6073367077003224,20,Fail,True
2025-06-01 00:16:00,Node-D,GW-3,865.7,-92.20317377215775,5.761583627043755,64,Success,False
2025-06-01 00:17:00,Node-D,GW-1,865.5,-87.1868192544328,9.706803487032486,32,Success,True
2025-06-01 00:18:00,Node-D,GW-2,865.1,-66.89926905562147,3.93951366139494,32,Success,True
2025-06-01 00:19:00,Node-C,GW-2,865.1,-79.60836095638142,1.8854925587391982,20,Success,True
2025-06-01 00:20:00,Node-B,GW-2,865.1,-78.06669333047266,9.492106912802374,20,Success,True
2025-06-01 00:21:00,Node-A,GW-2,865.3,-80.96273308202096,3.4863426887473468,128,Success,False
2025-06-01 00:22:00,Node-B,GW-3,865.7,-76.34699006978211,-0.24514496842259526,64,Success,True
2025-06-01 00:23:00,Node-D,GW-1,865.5,-65.97927852782156,20.0,20,Success,True
2025-06-01 00:24:00,Node-D,GW-1,865.7,-99.93930836268035,4.025679580162475,128,Success,True
2025-06-01 00:25:00,Node-B,GW-3,865.7,-67.8166268441462,11.901186928055514,64,Success,True
2025-06-01 00:26:00,Node-B,GW-1,865.7,-105.15038452535006,6.426098103041637,20,Success,True
2025-06-01 00:27:00,Node-B,GW-2,865.1,-79.71797288478072,4.560972939035492,128,Success,True
2025-06-01 00:28:00,Node-D,GW-1,865.5,-58.08092645255584,2.22650837223319,128,Success,True
2025-06-01 00:29:00,Node-D,GW-2,865.5,-73.19342060468456,5.990500523578902,64,Success,True
2025-06-01 00:30:00,Node-A,GW-3,865.7,-76.26941064679363,9.370129850185382,128,Fail,True
2025-06-01 00:31:00,Node-A,GW-1,865.1,-59.98054033197027,5.935442550431781,64,Success,False
2025-06-01 00:32:00,Node-D,GW-3,865.1,-87.03062898001144,2.4577109236461627,64,Fail,True
2025-06-01 00:33:00,Node-B,GW-1,865.5,-75.66032577534952,6.616418635255862,64,Fail,True
2025-06-01 00:34:00,Node-B,GW-2,865.1,-74.21882902526107,4.854179315381553,32,Success,True
2025-06-01 00:35:00,Node-A,GW-3,865.1,-85.22402134227026,6.345839309954487,128,Success,True
2025-06-01 00:36:00,Node-D,GW-1,865.1,-84.3411017949598,3.935577949447339,64,Success,True
2025-06-01 00:37:00,Node-A,GW-2,865.3,-85.4377943322334,3.865114177216364,20,Success,True
2025-06-01 00:38:00,Node-A,GW-3,865.7,-79.12685025991436,3.7466606077046607,32,Success,True
2025-06-01 00:39:00,Node-C,GW-3,865.5,-74.53308394228686,7.826714454492085,32,Success,True
2025-06-01 00:40:00,Node-C,GW-1,865.5,-78.76769727085338,3.895324174276726,128,Success,True
2025-06-01 00:41:00,Node-C,GW-1,865.3,-72.90538182570144,3.6208078058773188,64,Success,True
2025-06-01 00:42:00,Node-B,GW-1,865.7,-99.69147285973548,2.1738022953129006,128,Success,True
2025-06-01 00:43:00,Node-D,GW-2,865.5,-82.18251163742836,6.362041405150302,32,Success,True
2025-06-01 00:44:00,Node-D,GW-1,865.1,-90.23419310350646,5.935105406393656,64,Success,True
2025-06-01 00:45:00,Node-D,GW-3,865.5,-76.98277487317101,3.6536953265341072,20,Success,False
2025-06-01 00:46:00,Node-D,GW-3,865.1,-77.13082571327676,2.871863877326417,64,Success,True
2025-06-01 00:47:00,Node-C,GW-1,865.3,-81.15622114957455,10.628520239683136,32,Success,True
2025-06-01 00:48:00,Node-B,GW-1,865.1,-74.89720989467929,-0.6413291653745139,20,Success,True
2025-06-01 00:49:00,Node-B,GW-3,865.5,-70.02187281735972,6.479516009605163,64,Success,True
2025-06-01 00:50:00,Node-C,GW-2,865.5,-80.60520522306308,8.874210644648024,20,Success,True
2025-06-01 00:51:00,Node-B,GW-1,865.5,-90.51694888099702,-5.1604412844649,20,Success,True
2025-06-01 00:52:00,Node-C,GW-1,865.3,-95.81257570919482,7.382420180228538,32,Success,True
2025-06-01 00:53:00,Node-D,GW-3,865.3,-79.63889824669872,4.339236195511735,20,Success,True
2025-06-01 00:54:00,Node-C,GW-1,865.7,-77.58133298486459,5.768164592849778,128,Success,True
2025-06-01 00:55:00,Node-D,GW-2,865.5,-89.6952388951998,4.03028610643373,32,Success,True
2025-06-01 00:56:00,Node-D,GW-3,865.1,-72.74233176836967,8.226180336938231,128,Success,True
2025-06-01 00:57:00,Node-A,GW-1,865.3,-84.58956885824574,6.0893580250140715,20,Success,True
2025-06-01 00:58:00,Node-C,GW-3,865.5,-96.5643286517115,5.395159668602948,128,Success,True
2025-06-01 00:59:00,Node-A,GW-1,865.5,-67.4356365765481,2.303418179124221,64,Fail,True
2025-06-01 01:00:00,Node-C,GW-1,865.3,-68.56012080797836,10.646876701502565,20,Success,True
2025-06-01 01:01:00,Node-C,GW-1,865.7,-100.15599436663098,5.029793059199813,64,Success,True
2025-06-01 01:02:00,Node-A,GW-2,865.3,-85.62600281653692,11.869417392381376,128,Success,True
2025-06-01 01:03:00,Node-A,GW-2,865.3,-86.01583681414276,10.782708155534586,64,Success,True
2025-06-01 01:04:00,Node-C,GW-3,865.1,-30.0,-0.3350529017961428,20,Success,True
2025-06-01 01:05:00,Node-B,GW-1,865.1,-80.99292710041657,3.0351621175919297,64,Success,True
2025-06-01 01:06:00,Node-D,GW-1,865.7,-94.95878198055418,1.8891469820751743,128,Success,True
2025-06-01 01:07:00,Node-A,GW-2,865.5,-71.17895217759121,4.855381755538812,128,Success,True
2025-06-01 01:08:00,Node-D,GW-1,865.3,-92.3077554576608,5.561492061458486,128,Success,True
2025-06-01 01:09:00,Node-B,GW-2,865.7,-82.60340490721761,5.689779403680291,20,Success,True
2025-06-01 01:10:00,Node-B,GW-1,865.1,-87.69768877880877,8.162386028056936,128,Success,True
2025-06-01 01:11:00,Node-B,GW-3,865.3,-85.6045509827994,9.480748307926609,20,Success,True
2025-06-01 01:12:00,Node-A,GW-1,865.5,-70.62741910436061,7.902463247715916,64,Success,True
2025-06-01 01:13:00,Node-B,GW-1,865.1,-64.78669838667834,3.31719435732876,128,Success,True
2025-06-01 01:14:00,Node-A,GW-2,865.1,-92.74368746379379,2.6539284046776817,64,Success,True
2025-06-01 01:15:00,Node-B,GW-1,865.1,-73.73923574492183,5.008285507651809,32,Success,True
2025-06-01 01:16:00,Node-D,GW-1,865.7,-87.32753629689996,6.278358579213984,64,Success,True
2025-06-01 01:17:00,Node-D,GW-2,865.5,-87.01671910024075,4.450425962848634,32,Success,True
2025-06-01 01:18:00,Node-C,GW-3,865.3,-75.09363778577286,0.963545491243333,64,Success,True
2025-06-01 01:19:00,Node-D,GW-3,865.7,-90.27902765713695,7.046178525730402,20,Success,True
2025-06-01 01:20:00,Node-C,GW-2,865.7,-75.29397399224955,3.82305569379829,64,Success,True
2025-06-01 01:21:00,Node-D,GW-2,865.7,-72.69886643490265,3.7324617967338702,20,Success,True
2025-06-01 01:22:00,Node-A,GW-2,865.1,-84.32532261699018,4.836161977825721,20,Success,True
2025-06-01 01:23:00,Node-D,GW-2,865.5,-66.72921897986333,4.280303248759517,128,Success,True
2025-06-01 01:24:00,Node-C,GW-2,865.7,-92.72824612061507,3.900496833463696,20,Success,True
2025-06-01 01:25:00,Node-C,GW-3,865.3,-66.54593809388328,1.1596240792004315,32,Success,True
2025-06-01 01:26:00,Node-B,GW-3,865.5,-99.43987429485134,4.663257599145023,128,Success,True
2025-06-01 01:27:00,Node-A,GW-2,865.3,-53.00285859580491,7.108861375720603,128,Success,True
2025-06-01 01:28:00,Node-D,GW-1,865.5,-84.06202238621833,5.7939320153638665,64,Fail,True
2025-06-01 01:29:00,Node-B,GW-2,865.3,-91.62307156387618,7.844364317301935,20,Success,True
2025-06-01 01:30:00,Node-D,GW-1,865.1,-82.32671908519998,2.8143649330399794,20,Success,True
2025-06-01 01:31:00,Node-D,GW-2,865.7,-90.46477942624429,1.1658245626465953,32,Success,True
2025-06-01 01:32:00,Node-B,GW-2,865.3,-76.13034701145457,4.2624500630660105,64,Success,True
2025-06-01 01:33:00,Node-B,GW-3,865.5,-66.32342668529853,3.157290144353909,64,Success,True
2025-06-01 01:34:00,Node-B,GW-1,865.7,-89.93456226056678,3.468995050376756,128,Success,True
2025-06-01 01:35:00,Node-B,GW-1,865.7,-74.20600760825997,5.635249154243382,128,Success,True
2025-06-01 01:36:00,Node-B,GW-3,865.5,-95.3273536889576,3.4907583826860336,128,Success,True
2025-06-01 01:37:00,Node-D,GW-3,865.3,-69.67045266771387,1.2497945323808173,32,Success,True
2025-06-01 01:38:00,Node-B,GW-3,865.1,-75.83763633072405,3.3230158163540056,32,Success,True
2025-06-01 01:39:00,Node-A,GW-3,865.1,-69.2381667866968,6.020178100582404,128,Success,True
2025-06-01 01:40:00,Node-C,GW-1,865.3,-81.22346902641105,7.014441803020752,64,Success,True
2025-06-01 01:41:00,Node-B,GW-1,865.7,-84.35156597854751,6.984268352250041,32,Success,True
2025-06-01 01:42:00,Node-B,GW-2,865.7,-71.83882563942667,6.2734192827437285,64,Success,True
2025-06-01 01:43:00,Node-D,GW-2,865.7,-93.08048521558419,4.495719602104267,64,Success,True
2025-06-01 01:44:00,Node-B,GW-3,865.7,-97.42824331733576,6.214742296877389,20,Success,True
2025-06-01 01:45:00,Node-B,GW-3,865.3,-80.04961984040038,4.872993025405289,128,Success,True
2025-06-01 01:46:00,Node-B,GW-3,865.7,-83.89596606858792,5.339288413460713,20,Success,True
2025-06-01 01:47:00,Node-D,GW-2,865.5,-74.46166668218454,2.1820197864021806,128,Success,True
2025-06-01 01:48:00,Node-B,GW-2,865.7,-69.08448575686003,5.131624891282146,128,Success,True
2025-06-01 01:49:00,Node-C,GW-2,865.1,-74.66985920848862,6.135998702754235,64,Success,False
2025-06-01 01:50:00,Node-D,GW-2,865.7,-69.88096688173255,6.023381940319126,128,Success,True
2025-06-01 01:51:00,Node-C,GW-2,865.3,-76.78947666667835,1.137442921822104,64,Success,True
2025-06-01 01:52:00,Node-D,GW-2,865.1,-75.05404251678901,5.2887823292101475,64,Success,True
2025-06-01 01:53:00,Node-B,GW-2,865.3,-81.1665720983227,0.6683312676082602,128,Success,True
2025-06-01 01:54:00,Node-C,GW-3,865.3,-75.34954538984817,5.5210299384155785,64,Success,True
2025-06-01 01:55:00,Node-D,GW-3,865.1,-78.33347171436486,2.8959884251918577,64,Success,True
2025-06-01 01:56:00,Node-A,GW-3,865.3,-76.74823203470936,10.116928827576334,64,Success,True
2025-06-01 01:57:00,Node-B,GW-3,865.3,-81.6672403308684,5.35772998788767,32,Fail,True
2025-06-01 01:58:00,Node-D,GW-2,865.7,-71.91070799528703,7.403492059471768,64,Success,True
2025-06-01 01:59:00,Node-A,GW-1,865.5,-87.10452549834952,11.332617911072841,32,Success,True
2025-06-01 02:00:00,Node-D,GW-2,865.3,-80.18349020904107,2.547794566733837,32,Fail,True
2025-06-01 02:01:00,Node-A,GW-1,865.3,-66.88216099792425,6.307024732717734,64,Success,True
2025-06-01 02:02:00,Node-B,GW-3,865.3,-89.48721822921125,1.4422669723014616,64,Fail,True
2025-06-01 02:03:00,Node-C,GW-2,865.7,-101.61845461752631,6.034691024749758,32,Fail,True
2025-06-01 02:04:00,Node-A,GW-3,865.5,-76.33542833702028,10.297127799351209,32,Success,True
2025-06-01 02:05:00,Node-D,GW-2,865.1,-82.56954490353499,3.1163503566746322,64,Success,True
2025-06-01 02:06:00,Node-B,GW-3,865.7,-69.89137759628161,2.3421370601162117,64,Success,False
2025-06-01 02:07:00,Node-A,GW-1,865.7,-81.30515079896993,4.72647729944431,128,Success,True
2025-06-01 02:08:00,Node-D,GW-1,865.5,-86.04339071563312,11.137451864264857,32,Success,True
2025-06-01 02:09:00,Node-D,GW-1,865.5,-80.75817395818213,7.313116759859765,32,Success,True
2025-06-01 02:10:00,Node-D,GW-2,865.7,-69.06931413386789,2.2852560438319687,128,Success,True
2025-06-01 02:11:00,Node-A,GW-1,865.1,-74.24630372807624,9.365181747445307,32,Success,True
2025-06-01 02:12:00,Node-A,GW-2,865.7,-104.33902256548035,0.034811023000440144,20,Fail,True
2025-06-01 02:13:00,Node-A,GW-1,865.5,-78.14232507913229,11.409677386408175,32,Success,True
2025-06-01 02:14:00,Node-C,GW-1,865.1,-77.64237867598595,7.569352040045477,128,Success,True
2025-06-01 02:15:00,Node-A,GW-2,865.5,-80.18249965200519,10.290672320020153,20,Success,True
2025-06-01 02:16:00,Node-A,GW-2,865.1,-86.1088989156859,0.05660567484789425,64,Success,True
2025-06-01 02:17:00,Node-A,GW-1,865.3,-68.05468125493556,5.5083254925790595,128,Success,True
2025-06-01 02:18:00,Node-C,GW-2,865.5,-67.55966051865138,4.598333220302853,128,Success,True
2025-06-01 02:19:00,Node-A,GW-1,865.5,-102.03160460825862,1.979061579660077,64,Fail,True
2025-06-01 02:20:00,Node-D,GW-2,865.7,-87.97959477741445,1.1119291392458237,128,Success,True
2025-06-01 02:21:00,Node-A,GW-3,865.5,-81.4473065128572,6.521243776278647,32,Success,True
2025-06-01 02:22:00,Node-D,GW-3,865.5,-70.5149179628333,6.793195124340872,64,Success,False
2025-06-01 02:23:00,Node-D,GW-3,865.3,-79.65147123608234,8.899922140177258,128,Fail,True
2025-06-01 02:24:00,Node-D,GW-3,865.5,-86.83593800164924,3.4897368400195075,64,Success,True
2025-06-01 02:25:00,Node-C,GW-3,865.3,-72.90466422692626,4.57517056953257,64,Success,True
2025-06-01 02:26:00,Node-C,GW-1,865.3,-82.11336085550992,0.8526202251617248,64,Success,True
2025-06-01 02:27:00,Node-C,GW-3,865.3,-30.0,9.622357435984247,20,Success,True
2025-06-01 02:28:00,Node-A,GW-3,865.3,-80.27158433404077,5.208644263271729,128,Success,True
2025-06-01 02:29:00,Node-D,GW-3,865.1,-74.25691559161515,7.167765504860316,20,Success,True
2025-06-01 02:30:00,Node-C,GW-3,865.7,-83.08549601673788,7.273716188333036,128,Success,True
2025-06-01 02:31:00,Node-C,GW-2,865.1,-73.13053507352778,9.377321471905933,32,Success,True
2025-06-01 02:32:00,Node-A,GW-1,865.5,-80.73068968407073,2.50580159819764,32,Success,True
2025-06-01 02:33:00,Node-C,GW-3,865.1,-90.67016586417876,7.0927598010415345,32,Success,True
2025-06-01 02:34:00,Node-A,GW-3,865.1,-80.36776305695449,4.924973881072876,128,Success,True
2025-06-01 02:35:00,Node-B,GW-3,865.5,-90.15213403145215,11.317031199021894,64,Success,True
2025-06-01 02:36:00,Node-C,GW-1,865.5,-79.59013210224059,2.4969074630119494,64,Success,True
2025-06-01 02:37:00,Node-B,GW-2,865.5,-71.70526070768534,8.514279043291616,20,Success,True
2025-06-01 02:38:00,Node-A,GW-1,865.1,-90.73629006002115,6.051025337685191,20,Success,True
2025-06-01 02:39:00,Node-D,GW-2,865.1,-76.35726594195562,5.893568282618064,32,Success,True
2025-06-01 02:40:00,Node-C,GW-3,865.5,-88.29037458353207,5.162062178142469,20,Success,True
2025-06-01 02:41:00,Node-A,GW-3,865.7,-77.98299440083453,9.039997468510363,128,Success,True
2025-06-01 02:42:00,Node-D,GW-1,865.7,-71.39795757979516,,128,Success,True
2025-06-01 02:43:00,Node-D,GW-1,865.3,-101.29513074110042,0.42675398563706857,20,Success,True
2025-06-01 02:44:00,Node-B,GW-2,865.5,-91.14475826871346,,20,Fail,True
2025-06-01 02:45:00,Node-A,GW-2,865.3,-83.68979445109922,8.108605496395166,20,Success,True
2025-06-01 02:46:00,Node-D,GW-1,865.7,-76.84959510818385,6.7614130526385425,20,Success,True
2025-06-01 02:47:00,Node-C,GW-2,865.3,-81.66383329358324,1.6145791107573602,32,Success,True
2025-06-01 02:48:00,Node-C,GW-1,865.5,-80.4588078198092,2.080653919336039,32,Fail,True
2025-06-01 02:49:00,Node-B,GW-2,865.5,-59.57015474648743,-0.632328655708327,20,Success,False
2025-06-01 02:50:00,Node-D,GW-1,865.5,-92.12457278849227,6.3809896195394415,128,Success,True
2025-06-01 02:51:00,Node-A,GW-1,865.1,-68.6451498363723,0.951353455476891,32,Success,True
2025-06-01 02:52:00,Node-C,GW-1,865.3,-83.49978127154417,-0.15625267858649394,128,Success,True
2025-06-01 02:53:00,Node-D,GW-2,865.7,-74.50525207501266,8.824967357900132,64,Success,True
2025-06-01 02:54:00,Node-D,GW-2,865.7,-58.710534442544,7.30453869338854,128,Success,True
2025-06-01 02:55:00,Node-B,GW-2,865.7,-73.11321976314574,4.000485005507219,20,Success,True
2025-06-01 02:56:00,Node-C,GW-1,865.1,-76.2750429021,4.597860250228414,64,Success,True
2025-06-01 02:57:00,Node-C,GW-2,865.1,-64.00877664850624,-2.2220326209518264,32,Success,True
2025-06-01 02:58:00,Node-A,GW-2,865.5,-68.75201355406809,7.750234757177661,32,Success,True
2025-06-01 02:59:00,Node-C,GW-1,865.7,-87.99394076161435,2.9218056065339475,64,Success,True
2025-06-01 03:00:00,Node-A,GW-3,865.1,-77.05475257546145,5.990872589399422,128,Success,True
2025-06-01 03:01:00,Node-C,GW-1,865.5,-97.17495734140759,-2.4656867853744515,32,Success,True
2025-06-01 03:02:00,Node-B,GW-2,865.7,-85.40153388374252,7.932704096484637,20,Success,True
2025-06-01 03:03:00,Node-C,GW-1,865.3,-76.8594703240014,2.7414656918428277,64,Success,True
2025-06-01 03:04:00,Node-A,GW-3,865.5,-86.02105352781258,0.8718732086319374,20,Fail,True
2025-06-01 03:05:00,Node-A,GW-1,865.1,-77.26633254028076,3.981195096534899,64,Success,True
2025-06-01 03:06:00,Node-B,GW-2,865.1,-80.1338461565304,3.210814346193545,32,Success,True
2025-06-01 03:07:00,Node-C,GW-3,865.5,-74.63583267604957,8.2228028387296,128,Fail,True
2025-06-01 03:08:00,Node-C,GW-2,865.5,-84.24199022028111,3.7388146329151186,64,Success,True
2025-06-01 03:09:00,Node-B,GW-3,865.1,-89.40148914436713,9.087851079840103,64,Success,True
2025-06-01 03:10:00,Node-C,GW-3,865.3,-65.2187317382674,5.9904278473672194,20,Success,True
2025-06-01 03:11:00,Node-C,GW-1,865.7,-84.95696742689944,7.683103661637125,32,Success,True
2025-06-01 03:12:00,Node-A,GW-1,865.3,-73.39989406882881,4.993500640316341,20,Success,True
2025-06-01 03:13:00,Node-C,GW-2,865.5,-65.64752973527465,8.816176947019649,32,Success,True
2025-06-01 03:14:00,Node-C,GW-1,865.3,-78.37330001002468,1.5391280291519722,20,Success,True
2025-06-01 03:15:00,Node-B,GW-1,865.1,-88.56306569443149,5.340873372482981,64,Success,True
2025-06-01 03:16:00,Node-B,GW-3,865.5,-81.78609974547345,3.8106925117057555,20,Success,False
2025-06-01 03:17:00,Node-D,GW-1,865.7,-69.82459083393246,9.189885438521936,128,Success,True
2025-06-01 03:18:00,Node-A,GW-3,865.1,-77.93752454262138,9.497103213978278,32,Success,True
2025-06-01 03:19:00,Node-C,GW-3,865.1,-92.05141792204277,5.0012637777113556,32,Success,True
2025-06-01 03:20:00,Node-C,GW-3,865.7,-74.03356166466287,1.1254666967125848,64,Success,True
2025-06-01 03:21:00,Node-D,GW-2,865.7,-72.30468530949001,6.281291950375003,32,Success,True
2025-06-01 03:22:00,Node-C,GW-2,865.3,-83.55311886117934,0.006170794898700649,128,Success,True
2025-06-01 03:23:00,Node-A,GW-2,865.5,-73.89755624395254,9.878428396349335,20,Success,True
2025-06-01 03:24:00,Node-D,GW-3,865.7,-77.54981404539532,3.5804897880918842,64,Success,True
2025-06-01 03:25:00,Node-A,GW-2,865.7,-81.9742953864204,4.908289509747514,128,Success,True
2025-06-01 03:26:00,Node-D,GW-2,865.5,-92.93535743593664,2.957146772579738,32,Success,True
2025-06-01 03:27:00,Node-D,GW-1,865.7,,2.294655239897538,32,Fail,True
2025-06-01 03:28:00,Node-B,GW-2,865.7,-72.40789000080167,7.211873949641157,128,Success,True
2025-06-01 03:29:00,Node-A,GW-2,865.3,-74.16113705624687,4.524149968846035,20,Success,True
2025-06-01 03:30:00,Node-C,GW-3,865.1,-64.55473996321906,5.127447616769525,20,Success,True
2025-06-01 03:31:00,Node-C,GW-3,865.1,-70.54806272986406,1.988326762343482,64,Fail,True
2025-06-01 03:32:00,Node-A,GW-3,865.1,-30.0,7.568177670491119,32,Success,True
2025-06-01 03:33:00,Node-C,GW-3,865.1,-102.13227348026831,7.873369205410601,128,Success,False
2025-06-01 03:34:00,Node-C,GW-3,865.7,-68.03105048197584,4.373214539361268,20,Success,True
2025-06-01 03:35:00,Node-A,GW-3,865.5,-79.16919485717949,8.803766399995663,64,Success,True
2025-06-01 03:36:00,Node-D,GW-2,865.5,-76.87508319742861,4.687627537326432,32,Success,True
2025-06-01 03:37:00,Node-A,GW-3,865.3,-76.80666810306614,7.339266488866462,32,Success,True
2025-06-01 03:38:00,Node-D,GW-3,865.3,-72.2616725635772,0.13121725750970725,64,Fail,True
2025-06-01 03:39:00,Node-C,GW-1,865.7,-68.77824971198315,6.060292599459237,64,Success,True
2025-06-01 03:40:00,Node-C,GW-2,865.5,-73.65758856940778,4.185555597179196,20,Success,True
2025-06-01 03:41:00,Node-C,GW-2,865.5,-75.24714410680109,5.466567277864988,128,Fail,True
2025-06-01 03:42:00,Node-B,GW-2,865.1,-77.68487260704428,5.332047216967479,32,Success,True
2025-06-01 03:43:00,Node-D,GW-3,865.7,-113.51610516904678,5.377099466530952,128,Success,True
2025-06-01 03:44:00,Node-B,GW-3,865.7,-82.87591019450188,6.84710218808766,32,Success,True
2025-06-01 03:45:00,Node-B,GW-3,865.1,-89.41589517350646,3.3044791051820637,32,Success,True
2025-06-01 03:46:00,Node-A,GW-1,865.7,-67.89260461060914,6.707237778606929,128,Success,True
2025-06-01 03:47:00,Node-B,GW-3,865.7,-73.80962801713706,8.697574649353719,64,Success,True
2025-06-01 03:48:00,Node-A,GW-1,865.3,-84.58136987213734,0.7695769850590297,20,Success,True
2025-06-01 03:49:00,Node-A,GW-2,865.5,-83.57717182269245,2.658379705312023,32,Success,True
2025-06-01 03:50:00,Node-B,GW-3,865.7,-83.93981363302422,2.7843937234964415,64,Success,True
2025-06-01 03:51:00,Node-D,GW-1,865.3,-84.11826154318919,1.723862601647122,32,Success,True
2025-06-01 03:52:00,Node-D,GW-1,865.5,-94.44557443524798,3.5759066910888233,20,Success,True
2025-06-01 03:53:00,Node-D,GW-3,865.1,-96.61279493277767,8.099355546199522,32,Success,True
2025-06-01 03:54:00,Node-D,GW-2,865.3,-79.70953227618256,9.342760773537286,20,Success,True
2025-06-01 03:55:00,Node-D,GW-2,865.3,-69.24685860640645,5.318524909239507,20,Success,True
2025-06-01 03:56:00,Node-B,GW-2,865.5,-85.37689697427862,4.027291967455398,32,Success,True
2025-06-01 03:57:00,Node-B,GW-1,865.1,-76.96555249075955,7.408771907241981,32,Success,True
2025-06-01 03:58:00,Node-C,GW-1,865.3,-72.65739082823275,-2.0919054827565393,20,Success,True
2025-06-01 03:59:00,Node-D,GW-1,865.7,-89.93378205583856,1.834464583690525,64,Success,True
2025-06-01 04:00:00,Node-B,GW-1,865.7,-80.19975428719903,-1.9648912200997461,128,Success,True
2025-06-01 04:01:00,Node-C,GW-2,865.7,-86.66520481273515,1.8029008479336746,20,Success,True
2025-06-01 04:02:00,Node-D,GW-3,865.1,-63.938805081687065,2.6989474192939995,32,Success,True
2025-06-01 04:03:00,Node-A,GW-1,865.3,-64.37540493137885,9.433045633813034,32,Success,True
2025-06-01 04:04:00,Node-C,GW-1,865.7,-89.92342839874851,-3.28318589846797,64,Success,True
2025-06-01 04:05:00,Node-B,GW-2,865.1,-76.14115616915674,3.7498921992969985,128,Success,True
2025-06-01 04:06:00,Node-A,GW-3,865.7,-69.3240069918751,6.858699416534321,20,Success,True
2025-06-01 04:07:00,Node-A,GW-3,865.5,-71.5167049962367,6.23219198980728,20,Success,True
2025-06-01 04:08:00,Node-A,GW-2,865.3,-79.18436965015634,9.385214400604681,128,Success,True
2025-06-01 04:09:00,Node-C,GW-2,865.3,-66.93442538235652,5.483154435789766,20,Success,True
2025-06-01 04:10:00,Node-B,GW-3,865.1,-89.04514688989433,6.122834541443435,128,Success,True
2025-06-01 04:11:00,Node-A,GW-1,865.1,-83.03092944394692,-0.5155204954076513,32,Success,True
2025-06-01 04:12:00,Node-D,GW-3,865.3,-88.77642419759574,2.0351934254695734,128,Success,True
2025-06-01 04:13:00,Node-A,GW-2,865.7,-72.17506505299379,-0.34811423034407074,20,Success,True
2025-06-01 04:14:00,Node-A,GW-1,865.7,-85.82636874299452,6.717824323742299,128,Success,True
2025-06-01 04:15:00,Node-C,GW-1,865.5,-81.71249175437086,6.046071355271738,64,Success,True
2025-06-01 04:16:00,Node-C,GW-2,865.7,-73.82329631734251,5.940613901850546,32,Success,True
2025-06-01 04:17:00,Node-B,GW-2,865.1,-73.01750086222184,2.3556991746257774,32,Success,True
2025-06-01 04:18:00,Node-D,GW-2,865.1,-89.07126346255251,2.0811506620500038,128,Success,True
2025-06-01 04:19:00,Node-C,GW-3,865.7,-69.43344716227207,5.628340796889252,20,Success,True
2025-06-01 04:20:00,Node-A,GW-3,865.1,-75.44310331332748,2.9918418416865955,64,Success,True
2025-06-01 04:21:00,Node-B,GW-1,865.3,-90.81702839580402,1.93878630850329,32,Success,True
2025-06-01 04:22:00,Node-A,GW-2,865.3,-93.27715895756613,3.474831886225795,32,Success,True
2025-06-01 04:23:00,Node-A,GW-1,865.7,-80.15819710262068,3.017773891894075,20,Success,True
2025-06-01 04:24:00,Node-C,GW-1,865.3,-71.4990601068319,2.39983107611464,20,Success,True
2025-06-01 04:25:00,Node-B,GW-1,865.3,-71.2428413759902,1.322696549727194,64,Success,True
2025-06-01 04:26:00,Node-D,GW-1,865.5,-76.43833122775158,6.34606930501672,128,Success,True
2025-06-01 04:27:00,Node-D,GW-2,865.5,-79.51325161673174,9.668148318431172,20,Success,True
2025-06-01 04:28:00,Node-C,GW-1,865.3,-74.88262330920995,4.882987398144039,128,Success,False
2025-06-01 04:29:00,Node-C,GW-2,865.7,-88.55330514389259,-10.0,64,Success,False
2025-06-01 04:30:00,Node-B,GW-2,865.5,-63.130121369746085,6.6091335578051105,128,Success,True
2025-06-01 04:31:00,Node-D,GW-3,865.1,-63.260615818774795,6.099697271579366,32,Success,True
2025-06-01 04:32:00,Node-D,GW-2,865.1,-75.71187685379303,2.4592630150490624,128,Success,False
2025-06-01 04:33:00,Node-D,GW-3,865.1,-78.02699580007148,10.159538633307756,64,Success,True
2025-06-01 04:34:00,Node-A,GW-2,865.7,-84.1142097265937,2.7280684589661175,64,Success,True
2025-06-01 04:35:00,Node-D,GW-2,865.3,-74.7125115420034,6.944265093981228,64,Success,True
2025-06-01 04:36:00,Node-A,GW-2,865.1,-86.91317371016777,6.590573922028735,128,Success,True
2025-06-01 04:37:00,Node-B,GW-3,865.7,-102.23612030995531,-0.8753246264039127,32,Success,True
2025-06-01 04:38:00,Node-A,GW-3,865.5,-107.14107300491087,3.923460749261242,20,Success,True
2025-06-01 04:39:00,Node-B,GW-1,865.3,-87.99498333163487,5.169885355436511,32,Success,True
2025-06-01 04:40:00,Node-D,GW-3,865.5,-78.43621877081722,5.399453634272858,128,Success,True
2025-06-01 04:41:00,Node-D,GW-3,865.7,-76.68028266046517,5.904261546550301,128,Fail,False
2025-06-01 04:42:00,Node-B,GW-3,865.1,-84.86757008509285,7.2729886188199275,20,Success,True
2025-06-01 04:43:00,Node-C,GW-3,865.1,-78.58164832857096,4.977453907187666,128,Success,True
2025-06-01 04:44:00,Node-B,GW-1,865.7,-82.74228357054531,6.063852704053832,64,Success,True
2025-06-01 04:45:00,Node-C,GW-3,865.1,-89.99312757650138,4.865136239682851,64,Success,True
2025-06-01 04:46:00,Node-A,GW-2,865.3,-80.53744508969125,1.9479990297356795,64,Success,True
2025-06-01 04:47:00,Node-A,GW-2,865.7,-71.87042887634351,5.097204324109022,64,Success,True
2025-06-01 04:48:00,Node-A,GW-3,865.5,-89.54061747746323,7.2472695327592085,64,Success,True
2025-06-01 04:49:00,Node-D,GW-3,865.7,-30.0,8.326365147426095,128,Fail,True
2025-06-01 04:50:00,Node-A,GW-2,865.3,-90.69250593952158,6.611946972632612,20,Success,True
2025-06-01 04:51:00,Node-C,GW-2,865.3,-99.36518734508115,20.0,20,Success,True
2025-06-01 04:52:00,Node-A,GW-1,865.7,-84.80202374147018,6.256594242226941,64,Success,True
2025-06-01 04:53:00,Node-B,GW-2,865.7,-72.8591388704747,7.591639465006511,128,Success,False
2025-06-01 04:54:00,Node-B,GW-2,865.1,-78.26083916166237,7.812173447839358,32,Success,True
2025-06-01 04:55:00,Node-D,GW-3,865.3,-81.69250884056306,4.329948377348793,32,Success,True
2025-06-01 04:56:00,Node-B,GW-2,865.7,-78.7093520175983,7.178010297703006,128,Success,False
2025-06-01 04:57:00,Node-C,GW-1,865.7,-84.88981487429159,2.1780653070772575,64,Success,True
2025-06-01 04:58:00,Node-A,GW-2,865.3,-99.47886637263473,6.049437027646591,20,Success,True
2025-06-01 04:59:00,Node-D,GW-3,865.7,-72.16281218185435,6.731077480005359,128,Success,True
2025-06-01 05:00:00,Node-A,GW-3,865.1,-69.28875426215349,8.153285362097991,32,Success,True
2025-06-01 05:01:00,Node-A,GW-2,865.3,-87.28156776067787,7.462277911943919,32,Success,True
2025-06-01 05:02:00,Node-C,GW-3,865.1,-81.50835620606556,8.19234255000414,32,Success,True
2025-06-01 05:03:00,Node-B,GW-1,865.1,-82.3699917106016,4.701859009620731,64,Success,True
2025-06-01 05:04:00,Node-B,GW-1,865.1,-76.48711190575459,3.9638205359898584,32,Success,True
2025-06-01 05:05:00,Node-A,GW-2,865.1,-63.101065433737105,4.175303726343151,128,Success,True
2025-06-01 05:06:00,Node-D,GW-2,865.3,-68.40208754710694,5.798851191345891,128,Success,True
2025-06-01 05:07:00,Node-B,GW-2,865.1,-83.76914225413896,-0.4262410469267568,32,Success,True
2025-06-01 05:08:00,Node-D,GW-3,865.1,-74.57536138499763,8.99527091118366,128,Success,True
2025-06-01 05:09:00,Node-B,GW-1,865.7,-67.45643131427288,5.1316200794869244,32,Success,True
2025-06-01 05:10:00,Node-D,GW-1,865.3,,3.754995252994642,32,Success,True
2025-06-01 05:11:00,Node-C,GW-3,865.3,-80.04699404440173,-2.589148631816382,20,Success,True
2025-06-01 05:12:00,Node-D,GW-1,865.5,-75.53999905332815,4.889559481465152,64,Success,True
2025-06-01 05:13:00,Node-C,GW-2,865.3,-87.03271522563473,4.404570454772733,64,Success,True
2025-06-01 05:14:00,Node-C,GW-2,865.3,-85.57281124104081,2.308860708064235,20,Success,True
2025-06-01 05:15:00,Node-D,GW-2,865.5,-90.64034235201098,2.9808594646189635,20,Success,True
2025-06-01 05:16:00,Node-C,GW-1,865.3,-76.92935483429757,4.9200900666645095,64,Success,True
2025-06-01 05:17:00,Node-A,GW-2,865.3,-81.31402906022238,3.2352906212369508,32,Fail,True
2025-06-01 05:18:00,Node-C,GW-3,865.3,-88.2311806134808,6.715634198535067,32,Success,False
2025-06-01 05:19:00,Node-B,GW-3,865.3,-81.64179411620505,2.753649234067951,64,Success,True
2025-06-01 05:20:00,Node-D,GW-1,865.5,-75.3000173923683,,32,Success,True
2025-06-01 05:21:00,Node-A,GW-3,865.3,-60.85287694002008,8.540136106433511,20,Success,True
2025-06-01 05:22:00,Node-D,GW-3,865.3,-69.87932135296143,4.890212412312346,32,Success,True
2025-06-01 05:23:00,Node-B,GW-1,865.5,-102.8414785748234,6.0679313718792365,32,Success,True
2025-06-01 05:24:00,Node-B,GW-2,865.7,-77.60691533179654,5.877954162201794,128,Success,False
2025-06-01 05:25:00,Node-B,GW-2,865.1,-65.70675737287145,5.023990698851797,128,Success,True
2025-06-01 05:26:00,Node-C,GW-2,865.7,-93.37873491210233,4.798978574169469,128,Success,True
2025-06-01 05:27:00,Node-C,GW-1,865.5,-74.48440729787576,3.285877335650264,32,Success,False
2025-06-01 05:28:00,Node-D,GW-3,865.1,-82.36642185531046,5.453036871673458,64,Success,True
2025-06-01 05:29:00,Node-D,GW-2,865.5,-68.4970946908384,4.150197473481598,20,Success,True
2025-06-01 05:30:00,Node-A,GW-2,865.5,-75.95742804986548,9.63827050470412,32,Success,True
2025-06-01 05:31:00,Node-A,GW-1,865.3,-88.84015454559207,7.433429777329734,64,Success,True
2025-06-01 05:32:00,Node-D,GW-2,865.1,-82.00851478290619,0.6416123123349617,32,Fail,True
2025-06-01 05:33:00,Node-C,GW-1,865.3,-81.41695676047622,0.808526005345767,20,Success,True
2025-06-01 05:34:00,Node-B,GW-3,865.1,-81.23178214810049,4.608620392881905,32,Success,True
2025-06-01 05:35:00,Node-D,GW-1,865.5,,3.814083567680761,20,Success,True
2025-06-01 05:36:00,Node-A,GW-1,865.5,-88.4261992139023,4.450418245334224,32,Success,False
2025-06-01 05:37:00,Node-C,GW-1,865.7,-69.96948690338816,6.953484381956939,20,Success,True
2025-06-01 05:38:00,Node-D,GW-1,865.1,-83.0224967592152,5.947207696632071,32,Fail,True
2025-06-01 05:39:00,Node-D,GW-3,865.3,-77.76488893670835,5.9168876913744635,20,Success,True
2025-06-01 05:40:00,Node-C,GW-3,865.7,-79.27622413718966,9.33858399648618,128,Success,True
2025-06-01 05:41:00,Node-D,GW-2,865.7,-80.21805338081835,0.8333253374807619,32,Success,True
2025-06-01 05:42:00,Node-C,GW-3,865.7,-80.13602834445322,5.311816502446698,32,Success,True
2025-06-01 05:43:00,Node-B,GW-3,865.3,-65.42641441728979,3.262842356158238,64,Success,True
2025-06-01 05:44:00,Node-C,GW-2,865.7,-71.57550075093856,9.306307357518056,64,Success,True
2025-06-01 05:45:00,Node-C,GW-3,865.3,-83.6271568957993,-1.6280548174700318,20,Success,True
2025-06-01 05:46:00,Node-C,GW-1,865.7,-64.17212745877909,-1.4964447571390043,32,Success,True
2025-06-01 05:47:00,Node-D,GW-1,865.3,-77.25318926007147,5.913908889044152,20,Success,True
2025-06-01 05:48:00,Node-D,GW-2,865.5,-76.42375740676106,8.378889677972442,128,Success,True
2025-06-01 05:49:00,Node-C,GW-2,865.5,-88.37319079331391,7.319762963951151,64,Success,True
2025-06-01 05:50:00,Node-D,GW-2,865.5,-84.97498658405141,2.5970576200468747,20,Success,True
2025-06-01 05:51:00,Node-A,GW-1,865.5,-86.88503507927176,9.51926516600474,20,Success,True
2025-06-01 05:52:00,Node-A,GW-3,865.5,-79.13927135006325,1.3055937542173748,64,Success,True
2025-06-01 05:53:00,Node-D,GW-1,865.7,-73.61216920551792,8.922452568630034,32,Success,True
2025-06-01 05:54:00,Node-D,GW-2,865.7,-76.32767700577787,1.702315248925569,20,Success,True
2025-06-01 05:55:00,Node-C,GW-3,865.7,-64.11955843930419,3.9445274829883346,64,Success,True
2025-06-01 05:56:00,Node-B,GW-3,865.3,-88.87758005211235,6.917808613570752,32,Success,True
2025-06-01 05:57:00,Node-D,GW-1,865.3,-78.85130956461119,0.6013765073115049,128,Success,True
2025-06-01 05:58:00,Node-A,GW-2,865.3,-92.82939329298294,9.407070192622303,64,Success,True
2025-06-01 05:59:00,Node-C,GW-1,865.3,-89.21870971603262,3.926168505796057,20,Success,True
2025-06-01 06:00:00,Node-D,GW-3,865.5,-67.35421622661536,5.411828407034868,128,Success,True
2025-06-01 06:01:00,Node-A,GW-1,865.5,-84.63164866471466,8.486602367122256,32,Success,True
2025-06-01 06:02:00,Node-A,GW-1,865.5,-88.0336379606027,2.62062396449855,32,Success,True
2025-06-01 06:03:00,Node-B,GW-2,865.1,-101.29976875582948,8.182441058766168,64,Success,True
2025-06-01 06:04:00,Node-C,GW-2,865.7,-88.13354647788918,9.92160071267711,64,Success,True
2025-06-01 06:05:00,Node-C,GW-3,865.3,-82.05280274194979,3.033263008011263,64,Fail,True
2025-06-01 06:06:00,Node-B,GW-1,865.3,-93.57402959786211,9.108163017788883,32,Success,True
2025-06-01 06:07:00,Node-B,GW-1,865.5,-82.62783388982469,-0.2817357827248088,128,Success,True
2025-06-01 06:08:00,Node-C,GW-1,865.3,-67.29368939341776,6.168801184383701,32,Success,False
2025-06-01 06:09:00,Node-C,GW-3,865.3,-87.07305340328332,1.314204452888574,20,Success,True
2025-06-01 06:10:00,Node-D,GW-3,865.7,-89.43383049369936,7.827705645608567,32,Success,True
2025-06-01 06:11:00,Node-D,GW-2,865.5,-91.23901466865092,7.581368145266611,20,Success,True
2025-06-01 06:12:00,Node-B,GW-2,865.7,-91.417640925158,11.23213998677373,128,Success,True
2025-06-01 06:13:00,Node-D,GW-2,865.1,-74.64422553111571,9.263848948857497,64,Success,True
2025-06-01 06:14:00,Node-A,GW-1,865.1,-79.5133126311695,4.502686407195635,64,Success,True
2025-06-01 06:15:00,Node-D,GW-1,865.1,-120.0,1.7547575381034788,32,Success,True
2025-06-01 06:16:00,Node-D,GW-2,865.5,-59.80162108345745,6.69706123900817,64,Success,False
2025-06-01 06:17:00,Node-A,GW-1,865.3,-98.30391131909148,4.81780576884352,128,Success,True
2025-06-01 06:18:00,Node-B,GW-2,865.5,-76.19921291558227,9.653465133787112,64,Success,True
2025-06-01 06:19:00,Node-A,GW-3,865.5,-91.18619334433559,-1.499142530247335,32,Success,True
2025-06-01 06:20:00,Node-D,GW-2,865.3,-72.1110070196655,11.56417027786588,128,Success,True
2025-06-01 06:21:00,Node-B,GW-3,865.7,-82.71912001073436,-10.0,20,Success,True
2025-06-01 06:22:00,Node-D,GW-1,865.1,-79.72677239135827,2.560963634838883,32,Success,True
2025-06-01 06:23:00,Node-A,GW-2,865.7,-92.83177427929809,7.201967682255699,20,Success,True
2025-06-01 06:24:00,Node-A,GW-1,865.1,-84.26427025113168,8.892264263869112,128,Success,True
2025-06-01 06:25:00,Node-D,GW-3,865.5,-79.1033774889174,5.343040673911066,32,Success,True
2025-06-01 06:26:00,Node-C,GW-3,865.1,-66.43921853193292,-0.2947611524345284,32,Success,True
2025-06-01 06:27:00,Node-C,GW-3,865.5,-87.94560527408554,4.118458890958682,128,Success,True
2025-06-01 06:28:00,Node-A,GW-1,865.7,-85.50691571530314,8.118185159126414,64,Success,True
2025-06-01 06:29:00,Node-A,GW-1,865.5,-70.55710357817719,6.489994202682124,32,Success,True
2025-06-01 06:30:00,Node-C,GW-1,865.7,-88.5934028369931,4.530478907493881,32,Success,True
2025-06-01 06:31:00,Node-C,GW-1,865.3,-68.57614856025874,8.924947492674306,20,Success,True
2025-06-01 06:32:00,Node-D,GW-3,865.3,-80.09086574726255,7.21791752249689,64,Success,True
2025-06-01 06:33:00,Node-D,GW-3,865.3,-76.96877038408157,7.449017467815032,20,Success,True
2025-06-01 06:34:00,Node-C,GW-2,865.5,-76.3247769749063,3.7680959240575964,20,Success,True
2025-06-01 06:35:00,Node-D,GW-2,865.3,-86.16220553406608,3.477848954761704,64,Success,True
2025-06-01 06:36:00,Node-D,GW-1,865.1,-76.10113180527605,-0.09987916204906355,64,Success,True
2025-06-01 06:37:00,Node-B,GW-3,865.7,-87.723697843143,4.221824732188232,128,Success,True
2025-06-01 06:38:00,Node-D,GW-3,865.7,-85.0210300409888,7.806176161394384,64,Success,True
2025-06-01 06:39:00,Node-A,GW-3,865.1,-74.41309033966725,4.387720108953239,32,Success,True
2025-06-01 06:40:00,Node-D,GW-2,865.5,-77.06606044358097,6.336616539587016,64,Success,True
2025-06-01 06:41:00,Node-D,GW-2,865.5,-80.74964950839048,8.33359806995984,128,Success,True
2025-06-01 06:42:00,Node-C,GW-3,865.7,-92.58731649263011,6.118498975395896,128,Success,True
2025-06-01 06:43:00,Node-A,GW-3,865.3,-90.0915828934963,6.411544285282406,128,Success,True
2025-06-01 06:44:00,Node-D,GW-3,865.5,-77.23290956095015,0.9265326138873373,64,Success,True
2025-06-01 06:45:00,Node-D,GW-2,865.5,-72.67859436514884,4.032305647694068,64,Success,True
2025-06-01 06:46:00,Node-B,GW-3,865.1,-91.09645504520758,10.179879519489784,20,Success,True
2025-06-01 06:47:00,Node-D,GW-3,865.1,-88.39825247452168,5.311391543288281,20,Success,True
2025-06-01 06:48:00,Node-D,GW-1,865.3,-78.65814825822281,10.690214545989724,32,Success,True
2025-06-01 06:49:00,Node-B,GW-1,865.5,-78.87212137370906,2.8306531080831583,20,Success,True
2025-06-01 06:50:00,Node-C,GW-2,865.5,-96.23957208761041,5.70184235640362,32,Success,True
2025-06-01 06:51:00,Node-D,GW-3,865.1,-78.3843698656001,3.8519646873443953,128,Success,True
2025-06-01 06:52:00,Node-B,GW-3,865.5,-85.98367810230219,6.77595405537366,20,Success,True
2025-06-01 06:53:00,Node-A,GW-1,865.7,-63.58953370271042,7.685026004180363,64,Success,True
2025-06-01 06:54:00,Node-C,GW-2,865.1,-77.50801457264343,6.807398287102702,20,Success,False
2025-06-01 06:55:00,Node-A,GW-1,865.3,-75.78526550124097,8.125556431244085,32,Success,True
2025-06-01 06:56:00,Node-A,GW-1,865.1,-75.52640697809389,4.96048103443302,20,Success,True
2025-06-01 06:57:00,Node-B,GW-1,865.5,-92.13927380652564,4.428414897008967,128,Success,True
2025-06-01 06:58:00,Node-D,GW-1,865.3,-60.56123106891397,-0.2745790218279147,64,Success,True
2025-06-01 06:59:00,Node-B,GW-3,865.1,-96.22911247451174,6.915352805493694,32,Success,True
2025-06-01 07:00:00,Node-B,GW-3,865.7,-72.04296858300258,5.516552276720471,64,Success,True
2025-06-01 07:01:00,Node-B,GW-1,865.7,-73.81336062519351,,64,Success,True
2025-06-01 07:02:00,Node-B,GW-2,865.1,-84.7700237991296,4.427547783636964,32,Success,True
2025-06-01 07:03:00,Node-C,GW-2,865.7,-73.33549683286611,4.88936131596863,64,Success,True
2025-06-01 07:04:00,Node-D,GW-2,865.7,-83.17573198823737,4.291291605506249,64,Success,True
2025-06-01 07:05:00,Node-A,GW-2,865.7,-86.75461444855779,3.415898484310086,20,Success,True
2025-06-01 07:06:00,Node-A,GW-1,865.3,-75.30440830647072,5.718766642172506,64,Success,True
2025-06-01 07:07:00,Node-D,GW-3,865.7,-90.06560991087902,6.452477356798858,64,Success,True
2025-06-01 07:08:00,Node-A,GW-2,865.7,-82.24255158757569,2.6882962568414577,64,Success,True
2025-06-01 07:09:00,Node-D,GW-1,865.7,-85.94176748729957,3.7977932924378273,64,Success,True
2025-06-01 07:10:00,Node-A,GW-2,865.3,-83.35979509572945,4.386134746205395,32,Success,True
2025-06-01 07:11:00,Node-B,GW-2,865.1,-75.67271400869815,5.014439922130355,128,Success,True
2025-06-01 07:12:00,Node-A,GW-1,865.5,-85.94366372346207,4.615443591242698,20,Success,True
2025-06-01 07:13:00,Node-D,GW-3,865.7,-81.92323913072364,6.979163598969182,64,Fail,True
2025-06-01 07:14:00,Node-D,GW-3,865.1,-85.03145251901582,0.042898952888572595,64,Success,True
2025-06-01 07:15:00,Node-D,GW-1,865.7,-65.56003334425455,0.5748884049796494,32,Success,True
2025-06-01 07:16:00,Node-D,GW-3,865.3,-76.5738760178611,5.580708197760734,128,Success,True
2025-06-01 07:17:00,Node-D,GW-1,865.1,,3.1919424565166334,64,Success,True
2025-06-01 07:18:00,Node-C,GW-1,865.3,-73.16581495376576,7.6527269173214325,32,Success,True
2025-06-01 07:19:00,Node-C,GW-1,865.7,-85.94134576774887,8.50940285776565,20,Success,True
2025-06-01 07:20:00,Node-A,GW-3,865.7,-71.4074277500016,5.701241529268731,20,Success,True
2025-06-01 07:21:00,Node-D,GW-1,865.3,-76.53822254167258,1.7840752511774625,64,Fail,True
2025-06-01 07:22:00,Node-A,GW-2,865.5,-95.60890902754065,8.163780548681178,64,Success,True
2025-06-01 07:23:00,Node-D,GW-3,865.3,-94.28030833100765,5.5967079864509826,128,Success,True
2025-06-01 07:24:00,Node-D,GW-3,865.7,-85.72297052784066,0.5391920824186469,128,Success,True
2025-06-01 07:25:00,Node-C,GW-3,865.3,-93.2100649586517,0.804441055804447,64,Success,True
2025-06-01 07:26:00,Node-C,GW-3,865.5,-82.38278460699583,9.550840369125934,32,Success,True
2025-06-01 07:27:00,Node-B,GW-2,865.3,-90.13737991415864,9.053407739783689,128,Success,True
2025-06-01 07:28:00,Node-C,GW-3,865.5,-80.97723053070919,-2.5514294262887347,64,Success,True
2025-06-01 07:29:00,Node-B,GW-3,865.5,-65.88290624068544,0.9266273142263692,128,Success,True
2025-06-01 07:30:00,Node-B,GW-1,865.3,-80.49376903556185,8.422566486864966,64,Success,True
2025-06-01 07:31:00,Node-B,GW-3,865.3,-83.02964454901928,4.944522234820855,20,Success,True
2025-06-01 07:32:00,Node-B,GW-2,865.1,-76.11757352214656,20.0,64,Success,True
2025-06-01 07:33:00,Node-B,GW-2,865.7,-86.96419792922603,4.814141761705709,20,Success,True
2025-06-01 07:34:00,Node-A,GW-2,865.5,-71.56585690604,6.963477470213611,128,Fail,True
2025-06-01 07:35:00,Node-C,GW-2,865.1,-75.04787046875887,5.0175006399963005,64,Success,True
2025-06-01 07:36:00,Node-B,GW-3,865.3,-79.61134437951436,3.6871752297291014,128,Success,True
2025-06-01 07:37:00,Node-D,GW-3,865.7,-78.45684168366414,8.176231489744428,20,Success,True
2025-06-01 07:38:00,Node-C,GW-2,865.1,-59.582540894371476,5.606163848076938,64,Success,True
2025-06-01 07:39:00,Node-C,GW-2,865.5,-70.57687789732132,6.9571661487307,128,Success,True
2025-06-01 07:40:00,Node-B,GW-3,865.1,,5.4723437748823,20,Success,True
2025-06-01 07:41:00,Node-A,GW-2,865.5,-74.67969806707548,3.5409293193505613,128,Success,True
2025-06-01 07:42:00,Node-B,GW-1,865.3,-94.71691442670688,9.825167934071576,32,Success,True
2025-06-01 07:43:00,Node-A,GW-2,865.7,-82.6217370286384,6.064904764272997,20,Success,True
2025-06-01 07:44:00,Node-D,GW-2,865.7,-97.00204874548066,3.9348540668835454,20,Success,True
2025-06-01 07:45:00,Node-C,GW-1,865.7,-74.71696965333082,8.834988410956148,20,Success,True
2025-06-01 07:46:00,Node-D,GW-1,865.3,-120.0,1.0375286783631283,64,Success,True
2025-06-01 07:47:00,Node-A,GW-3,865.5,-88.85915995959279,11.708850952387959,64,Success,True
2025-06-01 07:48:00,Node-A,GW-3,865.3,-86.55636379646853,4.462550727009715,64,Success,True
2025-06-01 07:49:00,Node-D,GW-1,865.7,-78.51249103764785,1.1959573778498704,32,Success,True
2025-06-01 07:50:00,Node-A,GW-1,865.3,-120.0,10.717824045372694,32,Success,True
2025-06-01 07:51:00,Node-D,GW-3,865.3,-92.73159769242532,3.610497160781626,20,Success,True
2025-06-01 07:52:00,Node-C,GW-2,865.3,-67.6136795195888,5.729733709566881,32,Success,True
2025-06-01 07:53:00,Node-D,GW-1,865.5,-78.85289381836031,7.15307222431839,128,Success,True
2025-06-01 07:54:00,Node-C,GW-3,865.1,-85.58109357705956,8.552517582980437,20,Success,True
2025-06-01 07:55:00,Node-D,GW-2,865.1,-96.92118888557219,5.899323691164694,20,Success,True
2025-06-01 07:56:00,Node-A,GW-1,865.3,-71.47648643105528,3.0580537750098884,128,Success,True
2025-06-01 07:57:00,Node-D,GW-2,865.1,-86.84518212216969,5.6569775700019775,20,Success,True
2025-06-01 07:58:00,Node-A,GW-3,865.1,-61.39315554129461,3.7420533640048363,32,Fail,True
2025-06-01 07:59:00,Node-D,GW-1,865.3,-71.40689902306555,5.7470350290935714,64,Success,True
2025-06-01 08:00:00,Node-D,GW-2,865.3,-88.08141854407269,9.884448637270575,128,Success,True
2025-06-01 08:01:00,Node-B,GW-1,865.7,-87.15471697131471,7.267775574931381,32,Success,True
2025-06-01 08:02:00,Node-A,GW-2,865.1,-62.78148837055669,5.619939314295016,128,Success,True
2025-06-01 08:03:00,Node-B,GW-3,865.5,-80.84259446834504,7.215472497819022,128,Success,True
2025-06-01 08:04:00,Node-A,GW-3,865.3,-85.1331122832337,7.430241955727557,20,Success,True
2025-06-01 08:05:00,Node-B,GW-1,865.7,-79.7227831152343,1.7663776910938243,20,Success,True
2025-06-01 08:06:00,Node-C,GW-2,865.5,-85.1791265005379,5.125168133647094,32,Success,True
2025-06-01 08:07:00,Node-D,GW-1,865.1,-77.58951522891834,12.687582977997547,128,Success,False
2025-06-01 08:08:00,Node-A,GW-1,865.7,-80.75823621518263,8.638462955095598,20,Success,True
2025-06-01 08:09:00,Node-A,GW-2,865.3,-71.24492019488491,3.4896933225164,20,Success,True
2025-06-01 08:10:00,Node-D,GW-2,865.5,-83.88574103239127,3.1903763116471353,128,Success,True
2025-06-01 08:11:00,Node-A,GW-2,865.3,-88.84816366689647,3.090422830473193,32,Success,True
2025-06-01 08:12:00,Node-A,GW-3,865.1,-83.48984696623586,7.598959850786171,32,Success,True
2025-06-01 08:13:00,Node-B,GW-1,865.5,-83.55083898224046,9.822922763348652,128,Success,True
2025-06-01 08:14:00,Node-A,GW-1,865.1,-80.77533815193993,6.746501133440175,32,Success,False
2025-06-01 08:15:00,Node-C,GW-3,865.1,-73.65459711942775,5.471487049606454,20,Success,True
2025-06-01 08:16:00,Node-C,GW-2,865.7,-74.2009103252808,,128,Success,True
2025-06-01 08:17:00,Node-D,GW-3,865.3,-68.00341324141432,5.98811943675058,20,Success,True
2025-06-01 08:18:00,Node-A,GW-3,865.5,-88.11489677733525,2.5396348397113715,64,Success,True
2025-06-01 08:19:00,Node-D,GW-3,865.1,-76.11279876948892,-0.807296641633716,64,Success,True
2025-06-01 08:20:00,Node-C,GW-1,865.1,-72.72680152979285,9.910477070337347,32,Success,True
2025-06-01 08:21:00,Node-A,GW-3,865.5,-86.74220406311863,1.9825619889136723,64,Success,True
2025-06-01 08:22:00,Node-A,GW-1,865.1,-82.07631052982379,4.025502878992042,20,Success,True
2025-06-01 08:23:00,Node-D,GW-1,865.7,-97.49977874218797,6.969072351887872,64,Success,False
2025-06-01 08:24:00,Node-C,GW-1,865.7,-70.93142304874264,9.303400608038162,20,Success,True
2025-06-01 08:25:00,Node-A,GW-2,865.7,-82.1549820231987,5.771391957255863,32,Success,True
2025-06-01 08:26:00,Node-D,GW-1,865.7,-71.93435823319001,1.418867037017515,32,Fail,True
2025-06-01 08:27:00,Node-C,GW-1,865.1,-77.93950482120486,4.095960650925346,20,Fail,True
2025-06-01 08:28:00,Node-D,GW-2,865.5,-81.85165228974874,2.964543784924762,64,Success,True
2025-06-01 08:29:00,Node-B,GW-1,865.5,-95.92802799352486,4.885366917586037,32,Success,True
2025-06-01 08:30:00,Node-A,GW-3,865.5,-94.1495261071644,8.695953413808908,128,Success,True
2025-06-01 08:31:00,Node-B,GW-3,865.5,-105.93146184341742,-2.6121657882096523,32,Success,True
2025-06-01 08:32:00,Node-C,GW-1,865.3,-85.62613482828657,3.765830509917528,64,Success,True
2025-06-01 08:33:00,Node-B,GW-2,865.5,-57.21751296818752,3.547851090838945,128,Fail,True
2025-06-01 08:34:00,Node-B,GW-3,865.3,-92.87947389518,1.2297159653130811,64,Success,True
2025-06-01 08:35:00,Node-C,GW-2,865.3,-106.31431883419907,6.756472231248848,20,Fail,True
2025-06-01 08:36:00,Node-D,GW-2,865.7,-70.37331080414468,0.7550723843718554,128,Success,True
2025-06-01 08:37:00,Node-B,GW-3,865.3,-56.36282130703299,1.1003171621110255,64,Success,True
2025-06-01 08:38:00,Node-D,GW-2,865.1,-77.02078934740197,7.553207642061841,128,Success,True
2025-06-01 08:39:00,Node-B,GW-3,865.3,-77.1126760528004,9.501714106888006,64,Success,True
2025-06-01 08:40:00,Node-D,GW-2,865.7,-83.09882073643752,4.771709694164122,128,Success,True
2025-06-01 08:41:00,Node-C,GW-3,865.3,-97.9425723051006,1.3478116430322022,64,Success,True
2025-06-01 08:42:00,Node-B,GW-1,865.1,-94.50711917743476,2.8833377246652505,20,Success,True
2025-06-01 08:43:00,Node-C,GW-3,865.1,-83.16753329398519,8.024005841735136,128,Success,True
2025-06-01 08:44:00,Node-B,GW-3,865.1,-85.08455340029744,5.349314721990181,128,Success,True
2025-06-01 08:45:00,Node-C,GW-3,865.7,-81.15172927769942,4.696883669354231,128,Success,True
2025-06-01 08:46:00,Node-C,GW-3,865.7,-71.7067517607184,5.939149129739439,128,Success,True
2025-06-01 08:47:00,Node-B,GW-2,865.5,-85.81837831917021,4.887020169423678,20,Success,True
2025-06-01 08:48:00,Node-B,GW-1,865.7,-71.50283243595389,9.63713689297765,128,Fail,True
2025-06-01 08:49:00,Node-B,GW-3,865.1,-85.7528970990277,2.7525702059191968,32,Success,True
2025-06-01 08:50:00,Node-A,GW-2,865.1,-69.61760407134243,2.4081226494943593,20,Success,True
2025-06-01 08:51:00,Node-D,GW-1,865.7,-79.13632432926576,0.8496394457940317,32,Success,True
2025-06-01 08:52:00,Node-A,GW-1,865.3,-84.35830340921513,3.380037092822929,128,Success,True
2025-06-01 08:53:00,Node-A,GW-1,865.7,-79.3070593945111,1.7240735760015364,64,Success,True
2025-06-01 08:54:00,Node-C,GW-1,865.7,-82.93538842157567,5.654226525958171,32,Success,True
2025-06-01 08:55:00,Node-B,GW-3,865.1,-78.86865762320028,5.06284209657543,128,Success,True
2025-06-01 08:56:00,Node-D,GW-3,865.5,-72.41893801482529,1.762773499796071,32,Success,True
2025-06-01 08:57:00,Node-C,GW-2,865.1,,6.767418077083917,128,Success,True
2025-06-01 08:58:00,Node-A,GW-2,865.5,-83.69568852853781,9.550438601389622,128,Fail,False
2025-06-01 08:59:00,Node-B,GW-2,865.1,-91.2351620491083,6.073515046013071,128,Fail,True
2025-06-01 09:00:00,Node-C,GW-1,865.7,-74.20821980708286,,64,Success,True
2025-06-01 09:01:00,Node-B,GW-1,865.1,-76.51727773597275,10.961392912010316,32,Success,True
2025-06-01 09:02:00,Node-C,GW-3,865.1,-91.81942850927521,7.240770407213178,20,Success,True
2025-06-01 09:03:00,Node-B,GW-1,865.1,-71.6450572207924,10.869254759565353,20,Success,True
2025-06-01 09:04:00,Node-A,GW-1,865.7,-91.98184032602336,8.272170758449501,20,Success,False
2025-06-01 09:05:00,Node-D,GW-1,865.7,-69.70778208766106,8.871546256611676,20,Success,True
2025-06-01 09:06:00,Node-A,GW-2,865.7,-73.12136672812983,5.615800680803254,128,Fail,True
2025-06-01 09:07:00,Node-D,GW-2,865.7,-75.80334477401931,4.213111963430502,32,Fail,True
2025-06-01 09:08:00,Node-B,GW-3,865.5,-83.76995159167036,6.120443563196481,32,Success,True
2025-06-01 09:09:00,Node-C,GW-1,865.5,-74.24220217333547,2.873644759260382,64,Success,True
2025-06-01 09:10:00,Node-A,GW-1,865.3,-69.2362800475882,6.301642552700697,32,Success,True
2025-06-01 09:11:00,Node-D,GW-3,865.7,-74.07648078891826,-2.8803587720521318,32,Success,True
2025-06-01 09:12:00,Node-A,GW-1,865.5,-86.70250021726238,5.128796735643238,32,Success,True
2025-06-01 09:13:00,Node-D,GW-1,865.1,-77.32593017644535,9.034028360306399,64,Success,True
2025-06-01 09:14:00,Node-A,GW-2,865.7,-68.67965013704963,5.282925736786897,20,Success,True
2025-06-01 09:15:00,Node-D,GW-3,865.3,-58.00901819443297,10.182448214092965,32,Success,True
2025-06-01 09:16:00,Node-D,GW-3,865.3,-82.05212974499196,4.208763836454184,64,Success,True
2025-06-01 09:17:00,Node-B,GW-3,865.3,-71.4211689386857,8.007952738963484,64,Success,True
2025-06-01 09:18:00,Node-D,GW-3,865.1,-68.65519479915682,2.365189778979902,128,Success,True
2025-06-01 09:19:00,Node-B,GW-2,865.5,-88.12404998989764,7.885869858666135,64,Success,True
2025-06-01 09:20:00,Node-D,GW-2,865.1,-62.17921681938519,5.69778472468345,20,Success,True
2025-06-01 09:21:00,Node-C,GW-1,865.7,-90.65184684083445,4.340748512471814,32,Success,True
2025-06-01 09:22:00,Node-C,GW-1,865.3,-71.91014484967025,-2.7216463451932604,64,Success,True
2025-06-01 09:23:00,Node-C,GW-1,865.1,-76.94680220452933,4.23686967258335,20,Success,True
2025-06-01 09:24:00,Node-D,GW-1,865.1,-79.4442444000184,5.640359057839431,64,Fail,True
2025-06-01 09:25:00,Node-B,GW-2,865.5,-54.53166718551356,7.486128305659752,64,Success,True
2025-06-01 09:26:00,Node-B,GW-3,865.5,-83.012552353268,9.682849397297202,64,Success,True
2025-06-01 09:27:00,Node-D,GW-2,865.3,-83.17345592728608,11.105098104097733,64,Success,True
2025-06-01 09:28:00,Node-C,GW-1,865.1,-66.68521192602205,8.738802029368953,64,Success,True
2025-06-01 09:29:00,Node-C,GW-2,865.1,-72.38196221913216,3.313729024087417,20,Success,True
2025-06-01 09:30:00,Node-B,GW-3,865.5,-67.17901079041445,4.0855877314467826,32,Fail,True
2025-06-01 09:31:00,Node-C,GW-3,865.1,-78.83130617658887,7.21674641313105,32,Success,True
2025-06-01 09:32:00,Node-A,GW-2,865.1,-120.0,6.558843379543405,32,Success,False
2025-06-01 09:33:00,Node-B,GW-2,865.1,-60.99064387005426,9.885037878174085,32,Success,True
2025-06-01 09:34:00,Node-C,GW-2,865.5,-88.35954079580696,12.438168256129735,20,Success,True
2025-06-01 09:35:00,Node-B,GW-1,865.3,-81.0287704409166,11.801540585294667,128,Success,True
2025-06-01 09:36:00,Node-A,GW-2,865.7,-72.01745928574556,9.481814599395033,128,Success,True
2025-06-01 09:37:00,Node-B,GW-2,865.3,-81.95860820087837,6.583707946828691,20,Success,True
2025-06-01 09:38:00,Node-B,GW-2,865.7,-85.70145879283035,9.047975188837533,20,Success,True
2025-06-01 09:39:00,Node-B,GW-3,865.1,-73.81515487213478,9.984323041185188,64,Success,True
2025-06-01 09:40:00,Node-B,GW-3,865.3,-66.64194333508506,4.558098808234945,64,Success,False
2025-06-01 09:41:00,Node-A,GW-1,865.7,-81.40834362805857,3.402017082473722,64,Fail,True
2025-06-01 09:42:00,Node-D,GW-1,865.5,-81.6858962081075,2.6977369997849756,32,Success,True
2025-06-01 09:43:00,Node-B,GW-3,865.5,-86.4768802568343,2.37084579966409,64,Success,True
2025-06-01 09:44:00,Node-B,GW-3,865.3,-82.95976843405734,0.8540140322204284,128,Success,True
2025-06-01 09:45:00,Node-C,GW-3,865.3,-69.16393920169814,5.749705127353183,32,Success,True
2025-06-01 09:46:00,Node-B,GW-2,865.1,-79.18937129306343,,64,Success,True
2025-06-01 09:47:00,Node-C,GW-2,865.3,-88.04990660930288,2.649433447593853,32,Success,True
2025-06-01 09:48:00,Node-D,GW-3,865.1,-77.37637619676337,7.1037666775301815,128,Success,True
2025-06-01 09:49:00,Node-A,GW-2,865.1,-69.4880598901396,5.5448271987605295,64,Success,True
2025-06-01 09:50:00,Node-A,GW-2,865.5,-85.61885663547429,6.2888748219010235,128,Success,True
2025-06-01 09:51:00,Node-D,GW-1,865.5,-93.28605219595563,9.095446285676244,128,Success,True
2025-06-01 09:52:00,Node-A,GW-3,865.7,-58.09174840127248,7.593589725622386,128,Success,True
2025-06-01 09:53:00,Node-D,GW-3,865.5,-93.78529350043247,9.55665974435799,64,Success,True
2025-06-01 09:54:00,Node-D,GW-2,865.5,-83.59022563855785,5.239929484334212,20,Fail,True
2025-06-01 09:55:00,Node-D,GW-3,865.3,-77.6787148814133,9.835371773937187,64,Success,True
2025-06-01 09:56:00,Node-A,GW-1,865.5,-82.72427701244291,6.0792102930723795,128,Success,True
2025-06-01 09:57:00,Node-C,GW-1,865.7,-80.74910844655018,5.506118783285609,64,Success,True
2025-06-01 09:58:00,Node-D,GW-1,865.3,-74.23161832125406,9.38457861882951,128,Success,True
2025-06-01 09:59:00,Node-B,GW-3,865.7,-103.91721657712793,2.383538962420115,20,Success,True
2025-06-01 10:00:00,Node-A,GW-3,865.5,-92.66894471523851,11.070801702627426,32,Fail,True
2025-06-01 10:01:00,Node-D,GW-3,865.7,-79.5574061392967,4.153699939888142,20,Success,True
2025-06-01 10:02:00,Node-D,GW-3,865.3,-84.0421701197361,1.3456760853520349,20,Success,True
2025-06-01 10:03:00,Node-B,GW-3,865.1,-78.70588741724403,6.960505856167586,32,Success,True
2025-06-01 10:04:00,Node-C,GW-1,865.7,-77.72346717368696,3.8680354696452186,64,Success,False
2025-06-01 10:05:00,Node-C,GW-2,865.7,-101.15919995470992,11.077421275733752,32,Success,True
2025-06-01 10:06:00,Node-C,GW-1,865.3,-67.26359667848354,3.7012975436445585,64,Success,True
2025-06-01 10:07:00,Node-D,GW-3,865.3,-84.9826788310035,5.943346752055886,64,Success,True
2025-06-01 10:08:00,Node-D,GW-1,865.7,-88.65513184776006,0.723220053565691,128,Success,True
2025-06-01 10:09:00,Node-D,GW-3,865.5,-77.9164470404072,7.438742734692413,128,Success,True
2025-06-01 10:10:00,Node-A,GW-3,865.7,-78.92839772217756,2.667829772423286,32,Success,True
2025-06-01 10:11:00,Node-B,GW-1,865.3,-68.03309182345362,7.079974070997803,20,Success,True
2025-06-01 10:12:00,Node-D,GW-3,865.1,-77.28126837229983,3.7149642808824144,32,Success,True
2025-06-01 10:13:00,Node-B,GW-2,865.1,-68.418891519757,-1.1408040601683993,64,Success,True
2025-06-01 10:14:00,Node-B,GW-3,865.5,-89.38177375427705,5.39357027103165,128,Success,True
2025-06-01 10:15:00,Node-C,GW-2,865.7,-78.581389447925,5.259285551235306,32,Success,True
2025-06-01 10:16:00,Node-A,GW-2,865.1,-91.1474770732489,7.6432147208678405,32,Success,True
2025-06-01 10:17:00,Node-D,GW-3,865.7,-79.0232414443972,9.668001715517612,128,Success,True
2025-06-01 10:18:00,Node-C,GW-1,865.3,-81.14287955601885,10.737228229750396,128,Success,True
2025-06-01 10:19:00,Node-C,GW-2,865.1,-81.57297425200903,7.592462640412657,128,Fail,True
2025-06-01 10:20:00,Node-D,GW-1,865.5,-81.48527552361632,5.835857576197755,64,Success,False
2025-06-01 10:21:00,Node-B,GW-2,865.3,-72.63610529815402,0.7179992314536037,128,Success,True
2025-06-01 10:22:00,Node-C,GW-3,865.5,-96.0735965700258,5.6060628109700215,20,Success,True
2025-06-01 10:23:00,Node-B,GW-3,865.3,-88.99787862784173,5.644820509816798,32,Success,True
2025-06-01 10:24:00,Node-A,GW-2,865.1,-80.40571826745176,4.404079221031916,128,Success,True
2025-06-01 10:25:00,Node-B,GW-3,865.5,-91.7866308947125,6.898902951802426,128,Success,True
2025-06-01 10:26:00,Node-A,GW-2,865.5,-79.53885893798956,8.365717132946404,64,Success,True
2025-06-01 10:27:00,Node-B,GW-3,865.3,-80.50852521241075,2.5447882084139484,64,Success,True
2025-06-01 10:28:00,Node-C,GW-1,865.5,-94.03756645052583,2.4980469374015986,32,Success,True
2025-06-01 10:29:00,Node-C,GW-3,865.3,-94.53165146254278,4.582123964670113,20,Success,True
2025-06-01 10:30:00,Node-A,GW-1,865.3,-106.23788235549266,3.1543124278762305,32,Success,True
2025-06-01 10:31:00,Node-D,GW-3,865.3,-92.20670049681912,0.07624039292041118,128,Success,True
2025-06-01 10:32:00,Node-A,GW-1,865.3,-79.856767417894,2.010221791031145,20,Success,True
2025-06-01 10:33:00,Node-A,GW-3,865.1,-78.43812177059122,1.303036558887678,20,Success,True
2025-06-01 10:34:00,Node-B,GW-1,865.3,-77.98100440371549,8.625351524054459,20,Success,True
2025-06-01 10:35:00,Node-B,GW-2,865.7,-87.7791881266738,10.108481018027835,20,Fail,True
2025-06-01 10:36:00,Node-A,GW-2,865.5,-80.1830348402149,1.71369962811624,32,Success,True
2025-06-01 10:37:00,Node-C,GW-1,865.7,-76.02755390758547,6.638220539411334,64,Success,False
2025-06-01 10:38:00,Node-B,GW-3,865.1,-92.68035549501153,7.620549273409252,64,Success,True
2025-06-01 10:39:00,Node-D,GW-1,865.7,-78.7667092560946,0.5231936400204082,128,Success,False
2025-06-01 10:40:00,Node-B,GW-3,865.5,-73.43518788164909,5.482936841536999,64,Success,True
2025-06-01 10:41:00,Node-B,GW-2,865.7,-84.90772129822881,12.600548496039577,64,Success,True
2025-06-01 10:42:00,Node-D,GW-3,865.1,-69.37765669650398,7.0314405990728925,64,Success,True
2025-06-01 10:43:00,Node-A,GW-2,865.3,-84.67434343824971,4.2640983760024085,64,Fail,True
2025-06-01 10:44:00,Node-D,GW-3,865.7,-88.60060855123075,3.3194404243453732,128,Success,True
2025-06-01 10:45:00,Node-A,GW-3,865.1,-74.43158821447079,-1.067384754162684,32,Success,True
2025-06-01 10:46:00,Node-A,GW-3,865.1,-59.667062305335435,6.411420968350196,20,Success,True
2025-06-01 10:47:00,Node-A,GW-1,865.5,-79.1464638111219,10.843450361762946,64,Success,True
2025-06-01 10:48:00,Node-D,GW-1,865.5,-73.6509219588628,2.559368736806238,32,Success,True
2025-06-01 10:49:00,Node-A,GW-2,865.7,-85.08717221097844,-0.8067540385511833,64,Success,True
2025-06-01 10:50:00,Node-C,GW-2,865.3,-92.41616219796028,3.007327455940327,64,Success,True
2025-06-01 10:51:00,Node-D,GW-1,865.1,-78.33734354099266,7.644799237934626,20,Fail,True
2025-06-01 10:52:00,Node-C,GW-2,865.7,-76.7560002821209,3.714499985533744,20,Success,True
2025-06-01 10:53:00,Node-A,GW-1,865.1,-83.57911090381162,2.5385957212607355,20,Success,True
2025-06-01 10:54:00,Node-B,GW-3,865.1,-73.68943481978494,5.057464745173577,64,Fail,True
2025-06-01 10:55:00,Node-A,GW-2,865.3,-86.5408000981432,5.689102241503566,64,Success,True
2025-06-01 10:56:00,Node-C,GW-2,865.3,-89.02086265851742,0.834829577684916,64,Success,True
2025-06-01 10:57:00,Node-C,GW-1,865.7,-69.39357069513835,4.348148909189529,20,Fail,True
2025-06-01 10:58:00,Node-D,GW-2,865.3,-69.3465237345837,3.508197158232985,128,Success,True
2025-06-01 10:59:00,Node-B,GW-2,865.3,-86.34343105835679,3.077286952255752,32,Fail,True
2025-06-01 11:00:00,Node-D,GW-3,865.7,-62.811495095951784,1.9488899918256566,128,Success,True
2025-06-01 11:01:00,Node-C,GW-2,865.3,-82.87106692530249,7.823773564384393,64,Success,True
2025-06-01 11:02:00,Node-A,GW-3,865.5,-79.15217135356042,3.066839213605916,64,Success,True
2025-06-01 11:03:00,Node-B,GW-1,865.1,,-0.9848358574398555,128,Success,True
2025-06-01 11:04:00,Node-A,GW-2,865.1,-74.7623978255432,5.7928934659263005,64,Success,True
2025-06-01 11:05:00,Node-A,GW-3,865.1,-77.28578506199058,7.175598418019553,32,Success,True
2025-06-01 11:06:00,Node-B,GW-1,865.1,-77.42037838418342,2.6119518043523673,64,Fail,True
2025-06-01 11:07:00,Node-D,GW-2,865.7,-90.19561631719887,3.321011930648101,32,Success,True
2025-06-01 11:08:00,Node-A,GW-1,865.1,-96.88562316789685,3.052838838714882,128,Success,True
2025-06-01 11:09:00,Node-C,GW-2,865.1,-68.57839971747138,3.9600399157096686,128,Success,True
2025-06-01 11:10:00,Node-A,GW-1,865.1,-85.45445998939744,8.320550546569466,64,Success,True
2025-06-01 11:11:00,Node-B,GW-1,865.1,-80.49033373433478,4.65782248288293,32,Success,True
2025-06-01 11:12:00,Node-B,GW-3,865.5,-76.73201090110219,7.5187806370016155,64,Success,True
2025-06-01 11:13:00,Node-B,GW-1,865.1,-63.70990396650732,2.0935051053597413,20,Success,True
2025-06-01 11:14:00,Node-D,GW-2,865.5,-78.38642075357492,3.848928741257047,20,Success,True
2025-06-01 11:15:00,Node-A,GW-2,865.7,-83.94797562924097,7.86204144754192,20,Success,True
2025-06-01 11:16:00,Node-D,GW-3,865.3,-85.23544381286857,2.583183804721222,20,Success,False
2025-06-01 11:17:00,Node-D,GW-2,865.1,-80.37356841241939,8.03640938272559,64,Success,True
2025-06-01 11:18:00,Node-B,GW-2,865.3,-89.09364769640612,3.1148477270145856,20,Success,True
2025-06-01 11:19:00,Node-B,GW-2,865.3,-79.7112427685099,4.0350124548247415,32,Success,True
2025-06-01 11:20:00,Node-D,GW-1,865.7,-80.52019688458014,10.010487762046775,128,Success,True
2025-06-01 11:21:00,Node-A,GW-1,865.3,-63.58473051355848,3.6925430685013056,128,Success,True
2025-06-01 11:22:00,Node-C,GW-2,865.5,-80.83601138590922,5.436037408251904,20,Success,True
2025-06-01 11:23:00,Node-D,GW-3,865.3,-99.2448816104885,6.849309267565209,20,Success,True
2025-06-01 11:24:00,Node-A,GW-1,865.3,-53.26489029603522,5.679525949016034,20,Success,True
2025-06-01 11:25:00,Node-B,GW-3,865.3,-70.43166268843903,5.76516004666873,64,Success,True
2025-06-01 11:26:00,Node-B,GW-2,865.1,-59.176512559044156,4.830380768054797,128,Fail,True
2025-06-01 11:27:00,Node-A,GW-2,865.1,-91.57319986984484,1.0932823729510313,20,Success,True
2025-06-01 11:28:00,Node-C,GW-1,865.5,-82.21826781256291,6.0448679902992755,32,Success,True
2025-06-01 11:29:00,Node-B,GW-2,865.5,-73.2559875850568,2.802594628965037,20,Success,True
2025-06-01 11:30:00,Node-B,GW-1,865.1,-74.63608627715541,7.327301652209529,128,Fail,True
2025-06-01 11:31:00,Node-B,GW-2,865.5,-76.93062292640448,9.116184271849058,20,Success,True
2025-06-01 11:32:00,Node-A,GW-2,865.1,-101.99610718500554,-0.41667178425104634,128,Success,True
2025-06-01 11:33:00,Node-D,GW-1,865.7,-97.12439457564314,9.121423482281314,20,Success,True
2025-06-01 11:34:00,Node-B,GW-1,865.3,-64.82479890936128,3.7668266243988695,32,Success,True
2025-06-01 11:35:00,Node-D,GW-1,865.3,-63.046704671303104,4.607152333446582,20,Success,False
2025-06-01 11:36:00,Node-C,GW-2,865.5,-81.06651291436395,2.2628376424628307,32,Success,True
2025-06-01 11:37:00,Node-B,GW-2,865.1,-66.09572525593617,5.5654031871988305,32,Success,True
2025-06-01 11:38:00,Node-B,GW-3,865.1,-90.23227766143299,5.2004446495322165,20,Fail,True
2025-06-01 11:39:00,Node-C,GW-1,865.5,-87.9442605346868,8.230768475878552,32,Success,True
2025-06-01 11:40:00,Node-B,GW-2,865.1,-91.0228032186315,2.7758201701092284,64,Success,True
2025-06-01 11:41:00,Node-D,GW-2,865.7,-88.49919545688647,9.982407205813725,20,Success,True
2025-06-01 11:42:00,Node-A,GW-1,865.3,-72.77303990477381,6.994142258926669,20,Success,False
2025-06-01 11:43:00,Node-D,GW-3,865.5,-88.62352373063445,5.2729069303262275,32,Success,True
2025-06-01 11:44:00,Node-A,GW-1,865.5,-57.60256960072135,4.457646908313527,32,Success,True
2025-06-01 11:45:00,Node-A,GW-3,865.1,,4.0802916585984494,20,Success,True
2025-06-01 11:46:00,Node-D,GW-2,865.5,-69.15472953504911,4.275968676780486,64,Success,True
2025-06-01 11:47:00,Node-D,GW-3,865.7,-75.10059417199926,5.505205870806421,32,Success,True
2025-06-01 11:48:00,Node-D,GW-2,865.1,-67.85730349540721,4.373000117918803,32,Success,True
2025-06-01 11:49:00,Node-D,GW-1,865.1,-88.67999999538547,3.078411630477538,128,Success,True
2025-06-01 11:50:00,Node-C,GW-1,865.1,-65.53066461800444,5.523377884510107,64,Success,True
2025-06-01 11:51:00,Node-B,GW-1,865.1,-78.59061114408563,2.4911356438238377,64,Success,True
2025-06-01 11:52:00,Node-A,GW-3,865.7,-67.90733889031262,5.967400703005241,20,Success,True
2025-06-01 11:53:00,Node-D,GW-2,865.1,-94.39564053376185,4.330798893557775,64,Success,True
2025-06-01 11:54:00,Node-D,GW-1,865.5,-78.19416793391638,20.0,20,Success,True
2025-06-01 11:55:00,Node-D,GW-1,865.7,-78.54761283218335,7.967222632086431,128,Success,True
2025-06-01 11:56:00,Node-C,GW-2,865.3,,7.966041681034216,64,Success,True
2025-06-01 11:57:00,Node-D,GW-1,865.3,-76.86881170252735,5.954315168157878,32,Success,True
2025-06-01 11:58:00,Node-D,GW-2,865.5,-64.60393151998485,6.304493662300535,128,Success,True
2025-06-01 11:59:00,Node-D,GW-2,865.5,-86.96152358963121,4.031746921644694,20,Success,True
2025-06-01 12:00:00,Node-B,GW-2,865.7,-70.38145643795062,7.032919065450042,128,Success,True
2025-06-01 12:01:00,Node-C,GW-2,865.3,-91.27423056146509,7.37150408198517,20,Success,True
2025-06-01 12:02:00,Node-D,GW-2,865.3,-58.90555405357541,0.29801253942641637,128,Success,True
2025-06-01 12:03:00,Node-A,GW-3,865.3,-72.15399681563292,6.135041586821791,20,Success,True
2025-06-01 12:04:00,Node-A,GW-1,865.3,-62.74882667741428,9.104389423126602,64,Success,True
2025-06-01 12:05:00,Node-A,GW-3,865.3,-73.27939480906232,3.9311291161856468,32,Success,True
2025-06-01 12:06:00,Node-C,GW-1,865.1,-76.09386822270639,3.2763590715983617,20,Success,True
2025-06-01 12:07:00,Node-C,GW-3,865.5,-72.07067059514083,3.740409616741042,128,Success,True
2025-06-01 12:08:00,Node-A,GW-2,865.1,-81.36447463354172,0.48537202151262004,20,Success,True
2025-06-01 12:09:00,Node-D,GW-1,865.3,-96.17833905558322,5.377951863346731,20,Success,True
2025-06-01 12:10:00,Node-C,GW-1,865.7,-75.52600653533207,5.089896320291754,20,Success,True
2025-06-01 12:11:00,Node-A,GW-3,865.7,-87.55503334599754,5.591080498631903,128,Success,True
2025-06-01 12:12:00,Node-A,GW-3,865.3,-91.01661915379403,6.247929863653406,32,Success,False
2025-06-01 12:13:00,Node-D,GW-1,865.3,-73.6370683156139,2.6060197934555704,64,Success,True
2025-06-01 12:14:00,Node-B,GW-3,865.7,-82.79108474899694,5.8195975970661316,32,Success,True
2025-06-01 12:15:00,Node-C,GW-3,865.1,-69.7229559339431,6.3295959797471895,20,Success,True
2025-06-01 12:16:00,Node-D,GW-3,865.1,-87.8894076875907,3.5348248075489037,128,Success,True
2025-06-01 12:17:00,Node-A,GW-2,865.3,-84.70828976513826,6.260353994755919,32,Success,True
2025-06-01 12:18:00,Node-A,GW-2,865.1,-68.49703973698607,5.242119879160224,20,Success,True
2025-06-01 12:19:00,Node-D,GW-3,865.7,-77.20157339002391,3.106430691669859,64,Fail,True
2025-06-01 12:20:00,Node-C,GW-3,865.1,-94.7732804090614,5.84836608945103,64,Success,True
2025-06-01 12:21:00,Node-B,GW-2,865.3,-77.42239117139889,4.127867769940342,64,Success,True
2025-06-01 12:22:00,Node-B,GW-2,865.7,-65.18761451411197,7.0911958220431615,20,Success,True
2025-06-01 12:23:00,Node-A,GW-1,865.1,-84.78577444621467,4.282500859792886,128,Success,True
2025-06-01 12:24:00,Node-C,GW-1,865.5,-74.01942303547091,1.1307032547048204,32,Success,True
2025-06-01 12:25:00,Node-B,GW-2,865.7,-88.49386915155905,5.800960956582952,64,Success,True
2025-06-01 12:26:00,Node-C,GW-3,865.7,-81.36783274969429,5.688209743494304,20,Success,True
2025-06-01 12:27:00,Node-C,GW-3,865.5,-69.10164463549566,1.7565886616070157,20,Success,True
2025-06-01 12:28:00,Node-A,GW-3,865.5,-77.80768332245026,7.251608346305916,32,Success,True
2025-06-01 12:29:00,Node-B,GW-3,865.7,-67.10730137284364,,64,Success,False
2025-06-01 12:30:00,Node-D,GW-1,865.5,-75.74697595772139,2.3900594225752743,20,Success,True
2025-06-01 12:31:00,Node-A,GW-2,865.3,-57.81260322799158,3.0211210968202655,32,Success,True
2025-06-01 12:32:00,Node-B,GW-3,865.3,-95.64913369219269,4.5739771609114195,128,Success,True
2025-06-01 12:33:00,Node-B,GW-1,865.3,-82.17193350060965,2.7234436068870864,128,Success,True
2025-06-01 12:34:00,Node-B,GW-3,865.7,-90.84533793292051,6.921191554735033,128,Success,True
2025-06-01 12:35:00,Node-B,GW-2,865.5,-90.1624917445825,5.4469158479816295,64,Success,True
2025-06-01 12:36:00,Node-B,GW-1,865.5,-90.0718369380604,1.7193285623352925,32,Success,True
2025-06-01 12:37:00,Node-C,GW-2,865.1,-78.3227417794878,2.5325872614521296,32,Success,True
2025-06-01 12:38:00,Node-A,GW-2,865.1,-77.73699065178133,8.563157531499204,20,Success,True
2025-06-01 12:39:00,Node-C,GW-1,865.5,-75.72544075004883,9.606687133746245,20,Success,True
2025-06-01 12:40:00,Node-D,GW-1,865.5,-91.23060560144552,6.616186928157526,20,Success,True
2025-06-01 12:41:00,Node-B,GW-1,865.5,-83.2422481899829,4.366174234549058,32,Success,True
2025-06-01 12:42:00,Node-A,GW-1,865.7,-89.64294639756368,3.68011126278027,20,Success,True
2025-06-01 12:43:00,Node-B,GW-1,865.5,-70.64118443728285,6.6490982549330155,32,Success,True
2025-06-01 12:44:00,Node-A,GW-1,865.1,-88.70267550180974,5.22776160277846,32,Fail,True
2025-06-01 12:45:00,Node-C,GW-1,865.7,-82.13712151995881,0.16978565775687038,128,Success,True
2025-06-01 12:46:00,Node-A,GW-3,865.5,-74.39693558676895,8.095603947604491,20,Success,True
2025-06-01 12:47:00,Node-D,GW-2,865.1,-86.15628674497565,9.037409802088607,128,Success,True
2025-06-01 12:48:00,Node-D,GW-1,865.7,-30.0,7.211757598829594,64,Success,True
2025-06-01 12:49:00,Node-A,GW-3,865.5,-64.0392026446685,1.7251664161153757,64,Success,True
2025-06-01 12:50:00,Node-A,GW-3,865.5,-78.10288271274474,3.089520650829981,64,Success,True
2025-06-01 12:51:00,Node-A,GW-3,865.5,-70.98389085431593,-0.5731595840731334,32,Success,True
2025-06-01 12:52:00,Node-A,GW-2,865.7,-100.73420888936383,9.788145474186667,32,Success,True
2025-06-01 12:53:00,Node-D,GW-1,865.1,-84.2905192684785,3.929784310222916,32,Success,True
2025-06-01 12:54:00,Node-B,GW-3,865.1,-78.15099183071023,11.999867964949347,20,Success,True
2025-06-01 12:55:00,Node-A,GW-2,865.3,-90.52965078400307,10.865690092723334,128,Success,True
2025-06-01 12:56:00,Node-A,GW-2,865.5,-77.92350664595908,2.289720750893169,32,Success,True
2025-06-01 12:57:00,Node-D,GW-2,865.3,-69.4005944394085,2.87519678179096,128,Success,True
2025-06-01 12:58:00,Node-D,GW-3,865.3,-98.79560628010022,6.39857102704136,128,Success,True
2025-06-01 12:59:00,Node-C,GW-1,865.1,-91.89072865803847,-0.2636263115988111,128,Success,True
2025-06-01 13:00:00,Node-A,GW-3,865.7,-78.15186729235815,3.6852226478643146,20,Fail,True
2025-06-01 13:01:00,Node-C,GW-3,865.7,-75.39580270559952,3.385522996379814,20,Success,True
2025-06-01 13:02:00,Node-D,GW-1,865.1,-72.61919625090349,10.553497825840125,64,Success,True
2025-06-01 13:03:00,Node-D,GW-1,865.7,-78.89110521112232,5.483053656513367,64,Success,False
2025-06-01 13:04:00,Node-B,GW-1,865.3,-75.38487594984191,4.145699067388412,128,Success,True
2025-06-01 13:05:00,Node-A,GW-2,865.5,-70.96519291459319,3.1055458019440967,64,Success,True
2025-06-01 13:06:00,Node-C,GW-1,865.1,-84.14458101770326,7.682148791974383,128,Success,True
2025-06-01 13:07:00,Node-D,GW-3,865.5,-86.08586086006422,3.5098675282087752,20,Fail,True
2025-06-01 13:08:00,Node-D,GW-1,865.7,-81.68506630934868,4.8491510769125,20,Success,True
2025-06-01 13:09:00,Node-C,GW-3,865.5,-78.00512057722587,3.082629432584107,20,Success,True
2025-06-01 13:10:00,Node-B,GW-2,865.7,-86.58273443201318,0.44738860395381685,32,Success,True
2025-06-01 13:11:00,Node-D,GW-3,865.7,,20.0,128,Success,False
2025-06-01 13:12:00,Node-A,GW-3,865.3,-76.02298229492705,3.4940848779059195,20,Success,True
2025-06-01 13:13:00,Node-D,GW-1,865.7,-78.42249218970285,4.210235509209113,128,Success,True
2025-06-01 13:14:00,Node-A,GW-1,865.3,-81.85337122815758,4.341728222229478,64,Success,True
2025-06-01 13:15:00,Node-C,GW-3,865.3,-97.41069310062649,4.7332408984437135,64,Success,True
2025-06-01 13:16:00,Node-A,GW-1,865.3,-80.0350799200854,3.5339371095469727,20,Success,True
2025-06-01 13:17:00,Node-C,GW-2,865.1,-89.70003967509042,9.047379044505218,128,Success,True
2025-06-01 13:18:00,Node-A,GW-2,865.1,-70.169172947941,7.843952359570946,20,Success,True
2025-06-01 13:19:00,Node-C,GW-1,865.7,-83.08721153278508,4.594672198427485,64,Success,True
2025-06-01 13:20:00,Node-A,GW-2,865.3,-89.9623205622252,5.762774839222989,20,Success,True
2025-06-01 13:21:00,Node-B,GW-1,865.1,-80.6154327388005,3.883735275641135,128,Success,True
2025-06-01 13:22:00,Node-A,GW-3,865.3,-67.29300414907809,-3.530455876155326,64,Success,True
2025-06-01 13:23:00,Node-A,GW-3,865.5,-73.69184150855381,5.061479038778074,32,Success,True
2025-06-01 13:24:00,Node-B,GW-2,865.5,-77.80082849394066,5.916843083753648,64,Success,True
2025-06-01 13:25:00,Node-D,GW-1,865.5,-93.26095059046857,0.16201472587931764,32,Success,False
2025-06-01 13:26:00,Node-D,GW-1,865.7,-63.783999002336785,6.498233207583808,20,Success,True
2025-06-01 13:27:00,Node-A,GW-2,865.3,-86.21627174035903,4.158269966165572,20,Success,True
2025-06-01 13:28:00,Node-B,GW-3,865.5,-70.66216087127657,6.013801161903986,128,Success,True
2025-06-01 13:29:00,Node-A,GW-2,865.1,-83.25362878351415,4.248804057889743,32,Success,True
2025-06-01 13:30:00,Node-C,GW-3,865.5,-71.62492127516761,,20,Success,True
2025-06-01 13:31:00,Node-C,GW-1,865.5,-66.93125904124726,5.67868646175226,32,Success,True
2025-06-01 13:32:00,Node-A,GW-3,865.5,-73.51862730092466,8.007249376016022,20,Success,True
2025-06-01 13:33:00,Node-D,GW-2,865.7,-72.4414504024006,8.254178426524835,64,Success,True
2025-06-01 13:34:00,Node-D,GW-1,865.1,-80.98438986155632,1.6413328217347685,20,Success,True
2025-06-01 13:35:00,Node-A,GW-2,865.3,-84.3396614207281,2.7829493899365567,128,Success,True
2025-06-01 13:36:00,Node-A,GW-2,865.1,-78.6170131021419,6.354832048178768,64,Success,True
2025-06-01 13:37:00,Node-C,GW-3,865.3,-83.39914505769217,3.903388148725483,128,Success,True
2025-06-01 13:38:00,Node-D,GW-2,865.7,-55.32796289187508,4.284179692231112,64,Success,True
2025-06-01 13:39:00,Node-A,GW-3,865.7,-89.92358286490514,8.85969446651183,32,Fail,True
2025-06-01 13:40:00,Node-C,GW-1,865.7,-69.97914783409591,4.06890086542379,128,Success,True
2025-06-01 13:41:00,Node-D,GW-3,865.7,-74.82803165460986,2.0932119552542527,20,Success,True
2025-06-01 13:42:00,Node-B,GW-1,865.3,-77.70127791876062,2.4985999950932163,32,Success,True
2025-06-01 13:43:00,Node-C,GW-3,865.5,-65.2011390008616,11.547069503578104,20,Success,True
2025-06-01 13:44:00,Node-D,GW-2,865.3,-77.01622547398821,4.465341558844289,64,Success,True
2025-06-01 13:45:00,Node-D,GW-3,865.1,-86.34906919742416,0.9072567343462685,64,Success,True
2025-06-01 13:46:00,Node-C,GW-3,865.7,-77.08269622746592,-0.3083757859497833,20,Success,True
2025-06-01 13:47:00,Node-B,GW-1,865.7,-81.83178268905229,3.1260900719776594,20,Success,True
2025-06-01 13:48:00,Node-C,GW-2,865.1,-74.96715331183351,4.41043364171785,32,Fail,True
2025-06-01 13:49:00,Node-D,GW-3,865.3,-71.86926368370501,7.847521119283018,20,Fail,False
2025-06-01 13:50:00,Node-A,GW-2,865.5,-88.5908794236407,7.557035499385301,128,Success,True
2025-06-01 13:51:00,Node-A,GW-3,865.5,-68.04663881997185,4.980960736781495,128,Success,True
2025-06-01 13:52:00,Node-C,GW-3,865.1,-82.54899844868459,3.637494241521233,20,Success,True
2025-06-01 13:53:00,Node-D,GW-2,865.5,-75.56386077317822,6.01880556026507,128,Success,True
2025-06-01 13:54:00,Node-A,GW-3,865.3,-73.82969829679304,-0.24623822840916354,20,Success,True
2025-06-01 13:55:00,Node-D,GW-2,865.3,-76.32611309369369,10.943242681787652,32,Success,True
2025-06-01 13:56:00,Node-C,GW-3,865.1,-81.0910851765257,6.962316787569833,128,Success,True
2025-06-01 13:57:00,Node-A,GW-1,865.3,-84.88597581992664,7.600970659184817,128,Success,True
2025-06-01 13:58:00,Node-D,GW-2,865.7,-82.68994507303341,1.777539854370168,20,Success,True
2025-06-01 13:59:00,Node-A,GW-3,865.1,-64.34828067471123,8.847945923889789,128,Success,True
2025-06-01 14:00:00,Node-C,GW-3,865.3,-88.6586643712906,3.6199485169211143,64,Success,True
2025-06-01 14:01:00,Node-D,GW-1,865.1,-87.19243337962966,2.1423256315443098,32,Success,True
2025-06-01 14:02:00,Node-A,GW-2,865.5,-87.63148823143715,4.882482888181341,32,Success,True
2025-06-01 14:03:00,Node-C,GW-3,865.3,-78.64246120082335,4.812334742034878,128,Success,True
2025-06-01 14:04:00,Node-A,GW-1,865.7,-95.24705449987806,1.7643887824640099,128,Success,True
2025-06-01 14:05:00,Node-A,GW-3,865.3,-93.53559856134393,2.315187939375904,64,Success,False
2025-06-01 14:06:00,Node-B,GW-2,865.1,-82.60954832959258,2.0803046740158493,64,Success,True
2025-06-01 14:07:00,Node-B,GW-3,865.1,-92.87775445298237,2.108854796429526,128,Success,False
2025-06-01 14:08:00,Node-C,GW-3,865.3,-92.06271309282802,3.835706278701199,128,Success,True
2025-06-01 14:09:00,Node-B,GW-3,865.7,-92.8026840936294,0.8330445914826266,64,Success,True
2025-06-01 14:10:00,Node-C,GW-3,865.7,-88.46611709133329,2.9258765077581925,20,Fail,True
2025-06-01 14:11:00,Node-B,GW-1,865.7,-72.68753493329594,8.135403645152808,64,Success,True
2025-06-01 14:12:00,Node-A,GW-1,865.1,-70.44292043878917,7.469928356312551,20,Success,True
2025-06-01 14:13:00,Node-C,GW-2,865.3,-60.80999106781394,1.8503622773217359,32,Success,True
2025-06-01 14:14:00,Node-C,GW-1,865.5,-61.17638141486522,7.874614751882701,32,Success,True
2025-06-01 14:15:00,Node-A,GW-1,865.1,-72.13687290119553,-0.8993178074081474,64,Success,True
2025-06-01 14:16:00,Node-C,GW-2,865.7,-69.72322325198968,12.28743296603646,20,Success,True
2025-06-01 14:17:00,Node-C,GW-1,865.3,-78.68897909314082,8.900939576406778,64,Success,True
2025-06-01 14:18:00,Node-B,GW-1,865.7,-74.80135147987731,3.3208042635796793,64,Success,True
2025-06-01 14:19:00,Node-C,GW-2,865.5,-60.56396951816829,6.14727968520533,20,Success,True
2025-06-01 14:20:00,Node-D,GW-2,865.7,-76.2878713194317,0.7972420156726132,64,Success,True
2025-06-01 14:21:00,Node-A,GW-2,865.7,-68.46761421454761,5.18132836977744,32,Success,True
2025-06-01 14:22:00,Node-B,GW-3,865.5,-89.34351608578511,20.0,128,Success,True
2025-06-01 14:23:00,Node-B,GW-3,865.3,-86.66238724258227,2.495709831822813,128,Success,True
2025-06-01 14:24:00,Node-D,GW-2,865.1,-76.87930402205032,20.0,64,Success,True
2025-06-01 14:25:00,Node-A,GW-2,865.3,-78.50068329936609,3.2990375725717187,20,Success,True
2025-06-01 14:26:00,Node-A,GW-2,865.5,-86.19934187404897,1.604789842047094,20,Success,True
2025-06-01 14:27:00,Node-B,GW-3,865.7,-55.92622416068781,2.4255582623100107,32,Success,True
2025-06-01 14:28:00,Node-C,GW-3,865.3,-78.27405896085133,0.6744667220008624,20,Success,False
2025-06-01 14:29:00,Node-B,GW-1,865.1,-84.42725052184662,7.571992296681853,20,Success,True
2025-06-01 14:30:00,Node-A,GW-1,865.5,-78.4838117263937,2.203661760631193,32,Success,True
2025-06-01 14:31:00,Node-D,GW-2,865.3,-79.74573297388365,1.3339373852895378,64,Success,True
2025-06-01 14:32:00,Node-B,GW-3,865.1,-78.12197452108911,7.524514039447991,128,Success,True
2025-06-01 14:33:00,Node-A,GW-3,865.5,-95.93717015351032,6.10886106301799,32,Success,True
2025-06-01 14:34:00,Node-B,GW-3,865.1,-67.08053303433134,7.413503167846878,64,Success,True
2025-06-01 14:35:00,Node-C,GW-2,865.5,-66.51170579560849,7.748249672589964,32,Success,True
2025-06-01 14:36:00,Node-B,GW-1,865.7,-65.29679227963514,10.812364690815272,64,Success,True
2025-06-01 14:37:00,Node-B,GW-2,865.3,-76.74568241463702,4.531880699920447,32,Success,True
2025-06-01 14:38:00,Node-A,GW-1,865.1,-73.37518939835485,0.6271769630134774,64,Fail,True
2025-06-01 14:39:00,Node-A,GW-1,865.5,-88.6622694800725,5.813113402286376,32,Success,True
2025-06-01 14:40:00,Node-A,GW-2,865.1,-71.6710067140261,2.9929861313605475,64,Success,True
2025-06-01 14:41:00,Node-B,GW-1,865.1,-77.48212293106062,2.1274841500533777,32,Success,True
2025-06-01 14:42:00,Node-C,GW-1,865.3,-84.60406615639242,5.299775516651723,128,Success,True
2025-06-01 14:43:00,Node-D,GW-3,865.7,-71.3525530835916,7.5972581990287695,128,Success,True
2025-06-01 14:44:00,Node-D,GW-1,865.1,-70.96550963908899,2.49201547521115,20,Success,True
2025-06-01 14:45:00,Node-A,GW-2,865.5,-79.39391164325068,8.823164261995156,64,Success,True
2025-06-01 14:46:00,Node-A,GW-2,865.5,-75.61617419871597,2.0311581229915525,32,Fail,False
2025-06-01 14:47:00,Node-B,GW-1,865.7,-90.3171701193356,4.26829033602361,64,Success,True
2025-06-01 14:48:00,Node-D,GW-3,865.5,-67.56816562785642,6.158923645342604,128,Success,True
2025-06-01 14:49:00,Node-A,GW-3,865.7,-88.98813188034902,3.8363023739478255,64,Success,True
2025-06-01 14:50:00,Node-C,GW-1,865.5,-87.05425648079176,-0.3280070168156106,32,Success,False
2025-06-01 14:51:00,Node-C,GW-1,865.3,-79.37684354569463,7.7822224753664155,64,Success,True
2025-06-01 14:52:00,Node-A,GW-2,865.1,-68.85483715781541,3.1296069789319185,32,Success,True
2025-06-01 14:53:00,Node-A,GW-1,865.3,-68.86051366784339,7.234695348181078,128,Success,True
2025-06-01 14:54:00,Node-D,GW-3,865.1,-80.04824621905131,1.2075675949170135,128,Success,True
2025-06-01 14:55:00,Node-D,GW-1,865.1,-72.26986637746188,1.7196902537107643,128,Success,True
2025-06-01 14:56:00,Node-B,GW-2,865.1,-96.89058449328897,7.587300228666072,20,Success,True
2025-06-01 14:57:00,Node-D,GW-2,865.3,-30.0,6.02152427822607,128,Success,True
2025-06-01 14:58:00,Node-C,GW-2,865.1,-86.98950439463601,3.6842428679459704,64,Success,True
2025-06-01 14:59:00,Node-C,GW-2,865.3,-67.47787090240182,6.065094794512513,20,Fail,True
2025-06-01 15:00:00,Node-A,GW-2,865.7,-73.45345837091992,2.1378825933669257,128,Success,True
2025-06-01 15:01:00,Node-D,GW-1,865.5,-78.15347224095399,5.330777352466728,64,Success,True
2025-06-01 15:02:00,Node-B,GW-1,865.5,-77.18264936170625,5.385661770170196,64,Success,True
2025-06-01 15:03:00,Node-C,GW-1,865.1,-64.31660723969875,3.878655184426914,64,Fail,True
2025-06-01 15:04:00,Node-C,GW-1,865.3,-81.70179666506552,2.494142883227725,32,Success,True
2025-06-01 15:05:00,Node-B,GW-2,865.5,-93.1406730853404,5.210745734644381,20,Success,True
2025-06-01 15:06:00,Node-B,GW-3,865.3,-69.12804815604696,4.835056570097305,64,Success,True
2025-06-01 15:07:00,Node-C,GW-1,865.3,-78.1816096279494,3.6025337632411727,32,Success,True
2025-06-01 15:08:00,Node-C,GW-3,865.1,-70.46328321834218,1.8985565894577494,128,Success,True
2025-06-01 15:09:00,Node-B,GW-1,865.5,-80.44764807386508,5.0374311480064025,64,Success,True
2025-06-01 15:10:00,Node-C,GW-1,865.1,-88.38689523703893,3.6100329054901827,32,Success,True
2025-06-01 15:11:00,Node-A,GW-3,865.1,-75.97178278917023,1.8960271386891998,64,Fail,True
2025-06-01 15:12:00,Node-A,GW-2,865.5,-79.89824929258569,5.130589432274334,20,Success,True
2025-06-01 15:13:00,Node-B,GW-1,865.5,-78.1505771712559,9.824916416166158,20,Success,True
2025-06-01 15:14:00,Node-D,GW-1,865.7,-63.83429505882584,3.8995170022787664,128,Success,True
2025-06-01 15:15:00,Node-B,GW-1,865.7,-90.987024773847,9.49332962372607,64,Success,True
2025-06-01 15:16:00,Node-B,GW-3,865.3,-77.14081339524017,11.342995144190287,32,Success,True
2025-06-01 15:17:00,Node-D,GW-2,865.5,-88.18996690158677,2.1397432928669744,128,Success,True
2025-06-01 15:18:00,Node-D,GW-3,865.7,-105.90545973120058,5.027132624596893,64,Success,True
2025-06-01 15:19:00,Node-D,GW-3,865.3,-80.48965189022223,11.311195753448928,128,Success,True
2025-06-01 15:20:00,Node-A,GW-2,865.3,-79.68977063000193,4.6367601157728675,32,Success,False
2025-06-01 15:21:00,Node-C,GW-3,865.3,-73.76477897049242,5.1104364372962,128,Success,True
2025-06-01 15:22:00,Node-A,GW-2,865.7,-82.17540748583944,-0.0100164231246751,128,Success,True
2025-06-01 15:23:00,Node-C,GW-1,865.5,-94.89000355123972,3.405014299040997,128,Success,True
2025-06-01 15:24:00,Node-A,GW-2,865.1,-88.22431577254864,6.666766054006811,64,Success,True
2025-06-01 15:25:00,Node-C,GW-1,865.3,-66.83041163313297,12.28784792885375,32,Success,True
2025-06-01 15:26:00,Node-A,GW-3,865.7,-88.36627929290631,4.411979499584929,20,Success,True
2025-06-01 15:27:00,Node-D,GW-3,865.7,-64.16774470307493,0.012121033245935386,64,Success,True
2025-06-01 15:28:00,Node-B,GW-1,865.1,-69.50015707428616,0.7842524276800731,20,Success,True
2025-06-01 15:29:00,Node-A,GW-3,865.1,-83.17780604336069,4.89263094218511,20,Success,True
2025-06-01 15:30:00,Node-C,GW-2,865.7,-87.29079163102699,8.531620394156747,64,Success,True
2025-06-01 15:31:00,Node-D,GW-1,865.5,-69.52087030869421,6.912061048626186,64,Success,True
2025-06-01 15:32:00,Node-A,GW-3,865.1,-82.40911245093619,6.380767590530379,32,Success,True
2025-06-01 15:33:00,Node-A,GW-1,865.7,-95.45650139699958,8.927433160752788,32,Success,True
2025-06-01 15:34:00,Node-D,GW-2,865.1,-74.37683379376742,2.8393127374431457,128,Fail,True
2025-06-01 15:35:00,Node-A,GW-2,865.5,-75.82736552141814,5.057284159872696,20,Success,True
2025-06-01 15:36:00,Node-B,GW-3,865.3,-68.62293797285221,3.4388536393928137,32,Success,True
2025-06-01 15:37:00,Node-A,GW-2,865.1,-76.50405000639702,4.185632793643779,128,Fail,True
2025-06-01 15:38:00,Node-B,GW-1,865.5,-85.49146977045717,1.981191937023545,32,Success,True
2025-06-01 15:39:00,Node-B,GW-2,865.7,-67.30321160397867,3.968071785698612,64,Fail,True
2025-06-01 15:40:00,Node-D,GW-1,865.1,-66.33009567321156,4.916853301263803,32,Fail,True
2025-06-01 15:41:00,Node-A,GW-1,865.1,-77.66794036014792,3.885585500415349,20,Success,True
2025-06-01 15:42:00,Node-D,GW-2,865.7,-79.39678085467028,4.516815490958595,32,Success,True
2025-06-01 15:43:00,Node-A,GW-3,865.3,-93.23271023105104,6.215121630311559,20,Success,True
2025-06-01 15:44:00,Node-A,GW-2,865.7,-86.07526342346476,8.716087307193197,64,Success,True
2025-06-01 15:45:00,Node-C,GW-1,865.1,-72.39230358040646,8.933467604337793,20,Success,True
2025-06-01 15:46:00,Node-A,GW-1,865.7,-85.572803003627,,32,Success,True
2025-06-01 15:47:00,Node-D,GW-2,865.5,-94.56837869393323,1.2200555646850524,128,Success,True
2025-06-01 15:48:00,Node-B,GW-3,865.7,-45.041222103999004,3.918770043290439,64,Success,True
2025-06-01 15:49:00,Node-A,GW-3,865.1,-94.63405958426688,4.177144907862195,32,Success,True
2025-06-01 15:50:00,Node-C,GW-1,865.7,-57.432486035658826,3.028550507634307,64,Success,True
2025-06-01 15:51:00,Node-D,GW-1,865.3,-83.0742344459826,6.02705353708882,64,Success,True
2025-06-01 15:52:00,Node-A,GW-3,865.7,-80.84562999143809,0.21701452015562595,32,Success,True
2025-06-01 15:53:00,Node-D,GW-2,865.3,-86.72278272187599,10.080699408584874,32,Fail,True
2025-06-01 15:54:00,Node-C,GW-1,865.5,-72.17162835262108,8.585662014565145,128,Fail,True
2025-06-01 15:55:00,Node-C,GW-1,865.3,-94.39774213110084,-10.0,64,Success,True
2025-06-01 15:56:00,Node-D,GW-3,865.7,-98.40329036234172,4.813672010239446,64,Success,True
2025-06-01 15:57:00,Node-A,GW-2,865.1,-63.898284706213936,8.68651788521766,32,Success,True
2025-06-01 15:58:00,Node-B,GW-3,865.3,-88.03972398806978,7.068214810340802,20,Success,True
2025-06-01 15:59:00,Node-C,GW-2,865.5,-72.53911880460316,8.319913352654279,32,Success,True
2025-06-01 16:00:00,Node-A,GW-2,865.3,-90.85456076896216,4.8228437532204795,64,Success,True
2025-06-01 16:01:00,Node-A,GW-2,865.3,-72.91578957105418,10.367939257592502,32,Fail,True
2025-06-01 16:02:00,Node-B,GW-1,865.3,-63.164535012215495,8.500663627069569,128,Success,True
2025-06-01 16:03:00,Node-C,GW-3,865.5,-85.27121385415117,6.528608886307794,20,Success,True
2025-06-01 16:04:00,Node-C,GW-3,865.7,-99.3344110678598,8.767918761293464,32,Success,True
2025-06-01 16:05:00,Node-A,GW-2,865.3,-63.11206086690095,3.7425141744980834,128,Success,True
2025-06-01 16:06:00,Node-A,GW-1,865.3,-70.73755678475109,1.49749892195892,64,Success,True
2025-06-01 16:07:00,Node-B,GW-1,865.1,-84.73571233771308,5.964651539142427,32,Success,True
2025-06-01 16:08:00,Node-B,GW-3,865.5,-82.17952053268647,4.828728662559594,64,Success,True
2025-06-01 16:09:00,Node-C,GW-1,865.3,-91.10652196249686,4.406847973167112,128,Success,True
2025-06-01 16:10:00,Node-D,GW-1,865.5,-65.7974306755804,8.648936118048208,64,Success,False
2025-06-01 16:11:00,Node-C,GW-2,865.3,-85.34715607810645,5.5014176396318915,128,Success,True
2025-06-01 16:12:00,Node-A,GW-1,865.7,-94.18708537547474,5.790707220606453,128,Success,True
2025-06-01 16:13:00,Node-C,GW-2,865.7,-77.86354118487529,4.0188423237377116,128,Success,True
2025-06-01 16:14:00,Node-D,GW-3,865.3,-88.6001336157854,7.643369417838578,32,Success,True
2025-06-01 16:15:00,Node-B,GW-1,865.7,-90.30014575863107,7.105627343923759,64,Success,True
2025-06-01 16:16:00,Node-D,GW-3,865.3,-84.30099203761945,7.62097903068288,64,Success,True
2025-06-01 16:17:00,Node-D,GW-3,865.7,-79.1364468449963,3.508208100091464,20,Success,True
2025-06-01 16:18:00,Node-D,GW-1,865.1,-93.81109755914747,8.912265380140985,20,Success,True
2025-06-01 16:19:00,Node-B,GW-1,865.1,-66.14851074787677,10.51630527129912,20,Success,True
2025-06-01 16:20:00,Node-D,GW-3,865.1,-73.22840287934213,7.526115191974117,20,Success,True
2025-06-01 16:21:00,Node-D,GW-1,865.5,-83.65362990772731,2.5721351382671274,64,Fail,True
2025-06-01 16:22:00,Node-D,GW-2,865.5,-89.03343486296998,2.5933931472913963,128,Success,True
2025-06-01 16:23:00,Node-A,GW-2,865.1,-80.89225452916665,3.8738691332207367,128,Success,True
2025-06-01 16:24:00,Node-D,GW-1,865.5,-71.00564959244278,3.3068683579444373,32,Success,True
2025-06-01 16:25:00,Node-B,GW-3,865.7,-72.55415972800321,4.786722122938206,128,Success,True
2025-06-01 16:26:00,Node-D,GW-1,865.3,-69.41495699548823,6.897327399103543,64,Success,True
2025-06-01 16:27:00,Node-D,GW-1,865.3,-84.80377490980322,5.869857322249546,64,Fail,True
2025-06-01 16:28:00,Node-B,GW-3,865.3,-109.24925179196677,5.606867169158867,64,Success,True
2025-06-01 16:29:00,Node-D,GW-3,865.1,-67.52188802083754,4.276391750599563,32,Success,True
2025-06-01 16:30:00,Node-B,GW-2,865.5,-81.67196143072351,4.778462218506352,20,Fail,True
2025-06-01 16:31:00,Node-D,GW-3,865.7,-73.33833934528337,7.389726522587004,128,Fail,True
2025-06-01 16:32:00,Node-B,GW-2,865.7,-63.30771245359698,-1.0358740824994443,64,Success,True
2025-06-01 16:33:00,Node-D,GW-3,865.1,-55.65591366762318,4.965828774563805,64,Success,True
2025-06-01 16:34:00,Node-D,GW-1,865.7,-86.49821478140821,5.863962784781975,20,Success,True
2025-06-01 16:35:00,Node-A,GW-2,865.7,-78.66040092834355,7.350749205641879,64,Success,True
2025-06-01 16:36:00,Node-A,GW-2,865.7,-66.33163539394555,1.969862182148527,128,Success,True
2025-06-01 16:37:00,Node-D,GW-2,865.7,-88.44279018522995,1.8112709526406436,32,Success,True
2025-06-01 16:38:00,Node-D,GW-1,865.5,-85.82111593790428,6.751864984634401,64,Success,True
2025-06-01 16:39:00,Node-C,GW-1,865.7,-85.88038578458875,-0.7133567207707481,128,Success,True
