Sales,Digital_Ads_Spend,TV_Commercials_Spend,Physician_Outreach_Spend,Trade_Show_Investment,Region,Campaign_Type,Ad_Format,Launch_Year
,143k USD,307.63,177.99,97.91,East,Awareness,Soial Media,
505.7,287k USD,291.67,205.27,86.78,East,Acquisition,nan,2022.0
310.59,232k USD,110.26,85.1,57.46,East,Awareness,Soial Media,2019.0
392.84,199k USD,236.5,167.47,20.84,West,Awareness,Social Media,2019.0
379.46,89k USD,252.08,155.78,84.51,South,Acquisition,Social Media,2018.0
439.52,88k USD,259.53,213.22,57.13,Online,Seasonal,Social Media,2023.0
481.26,64k USD,332.07,229.34,115.5,Online,Awareness,nan,2018.0
262.61,266k USD,313.44,32.67,23.11,East,Seasonal,Video,2022.0
492.45,200k USD,343.16,178.28,96.03,Online,Acquisition,Bannr,2019.0
341.97,227k USD,405.95,41.4,142.39,nan,Seasonal,nan,2025.0
354.22,55k USD,425.19,150.75,42.67,Online,Seasonal,Banner,
429.85,292k USD,387.25,93.28,81.31,North,Acquisition,Soial Media,2019.0
374.87,258k USD,482.21,97.49,31.88,nan,Seasonal,Soial Media,2020.0
300.7,103k USD,107.29,107.65,101.34,nan,Awareness,nan,2022.0
370.57,95k USD,178.31,166.68,91.57,Online,Awareness,nan,2025.0
241.24,95k USD,103.03,103.49,72.96,West,Awareness,Bannr,2023.0
451.86,126k USD,358.99,191.19,87.78,East,Awareness,Video,2023.0
418.83,181k USD,459.21,119.0,136.55,South,Seasonal,nan,2025.0
239.12,157k USD,197.39,45.04,45.52,South,Awareness,Social Media,2023.0
472.07,122k USD,470.81,202.43,22.93,North,Seasonal,Bannr,
302.37,202k USD,124.11,92.87,132.02,South,Retention,Banner,2025.0
377.83,84k USD,473.77,125.21,95.03,South,Seasonal,Social Media,2022.0
454.82,123k USD,240.65,180.8,135.79,East,Awareness,Banner,2025.0
273.41,141k USD,140.57,103.14,97.6,East,Retention,Search,2025.0
327.33,164k USD,294.35,42.45,125.32,West,Acquisition,Banner,2020.0
376.89,246k USD,202.71,112.26,75.86,North,Seasonal,Social Media,2020.0
510.24,99k USD,213.95,237.78,117.48,South,Awareness,Search,2018.0
443.36,178k USD,222.92,171.18,138.7,West,Awareness,Social Media,2022.0
474.51,,421.21,177.73,94.38,North,Awareness,Soial Media,2022.0
363.58,61k USD,315.66,169.1,43.5,nan,Acquisition,Social Media,2020.0
339.92,201k USD,224.52,73.78,54.94,South,Retention,Search,2021.0
356.18,92k USD,344.13,122.03,45.82,South,Retention,Banner,2021.0
421.95,66k USD,386.46,195.21,52.09,East,Awareness,Soial Media,2018.0
310.45,287k USD,209.05,52.3,59.83,Online,Seasonal,Video,
397.0,291k USD,265.42,91.13,92.17,North,Awareness,Video,2021.0
,252k USD,148.75,90.79,96.44,South,Awareness,Video,2021.0
337.93,126k USD,172.46,125.04,75.44,North,Seasonal,Video,2021.0
510.0,74k USD,372.45,245.68,100.0,West,Awareness,Bannr,
238.35,221k USD,172.58,44.85,30.6,West,Acquisition,Video,2019.0
372.51,160k USD,310.07,144.11,31.41,Online,Awareness,Search,2018.0
255.94,80k USD,383.62,69.46,42.34,South,Acquisition,nan,2020.0
502.66,173k USD,142.75,243.55,87.35,East,Awareness,Video,2021.0
204.78,58k USD,326.92,54.93,47.82,South,Retention,Social Media,2023.0
372.89,277k USD,202.63,118.79,56.83,North,Seasonal,nan,2025.0
481.63,114k USD,485.17,192.33,72.04,nan,Retention,Video,2019.0
499.65,215k USD,293.42,185.0,125.54,West,Awareness,nan,
337.08,127k USD,422.4,123.0,21.8,North,Awareness,Banner,
371.52,180k USD,320.09,106.24,104.42,Online,Acquisition,Search,
373.99,186k USD,117.37,117.47,106.95,West,Awareness,Search,2021.0
314.99,96k USD,353.26,88.14,123.83,East,Awareness,nan,2025.0
413.94,292k USD,480.56,75.17,141.26,West,Awareness,Soial Media,2025.0
374.14,243k USD,340.64,136.27,22.62,nan,Retention,Bannr,2019.0
380.16,284k USD,427.68,89.08,39.99,South,Acquisition,Social Media,2018.0
416.1,273k USD,453.68,93.24,135.2,nan,Retention,nan,
444.24,199k USD,191.23,,79.61,nan,Acquisition,Search,2023.0
528.4,280k USD,184.82,243.08,93.4,South,Retention,Banner,2023.0
411.29,72k USD,344.39,162.8,106.19,West,Awareness,Video,2023.0
252.19,98k USD,264.41,46.94,108.28,Online,Retention,Search,
301.03,61k USD,435.94,46.63,141.13,South,Retention,Banner,2021.0
539.41,131k USD,460.01,239.31,149.6,South,Acquisition,Video,2019.0
359.82,147k USD,241.37,95.4,113.62,East,Acquisition,Bannr,
211.56,117k USD,194.75,50.25,57.34,West,Retention,Search,2023.0
488.76,257k USD,412.21,161.79,134.37,South,Acquisition,Search,2025.0
411.72,139k USD,209.92,167.2,26.4,Online,Acquisition,nan,
432.22,120k USD,429.05,172.67,50.04,North,Acquisition,nan,2025.0
386.01,185k USD,269.5,88.83,136.66,West,Seasonal,Banner,2022.0
238.65,85k USD,367.02,33.32,53.3,East,Acquisition,Soial Media,
488.79,250k USD,138.21,242.3,48.68,nan,Seasonal,nan,2022.0
337.8,68k USD,807.35,85.2,37.96,South,Seasonal,Social Media,2019.0
512.34,296k USD,280.71,178.73,131.68,Online,Acquisition,Bannr,
468.14,243k USD,334.64,185.46,85.01,West,Retention,Social Media,2021.0
366.63,99k USD,167.21,164.2,107.74,Online,Acquisition,Search,2021.0
267.09,51k USD,394.75,98.84,51.08,Online,Awareness,Social Media,2018.0
421.56,253k USD,445.12,89.64,118.55,nan,Retention,Video,2018.0
474.56,226k USD,186.7,161.49,118.8,East,Seasonal,Bannr,2023.0
482.75,232k USD,138.29,220.54,60.64,West,Seasonal,Social Media,2020.0
496.87,242k USD,109.46,238.28,73.39,South,Retention,Video,2025.0
240.27,68k USD,356.79,53.3,47.26,East,Retention,Banner,2018.0
278.51,139k USD,342.84,64.06,146.95,South,Acquisition,Social Media,2021.0
484.61,78k USD,318.68,237.84,103.93,North,Seasonal,Bannr,2025.0
,265k USD,192.78,192.04,141.49,Online,Awareness,Video,2020.0
491.06,205k USD,256.36,224.26,59.44,North,Acquisition,Social Media,2018.0
327.93,132k USD,337.79,74.58,121.65,Online,Retention,Banner,2019.0
381.57,65k USD,298.71,159.27,119.56,nan,Seasonal,Social Media,2022.0
489.41,127k USD,495.11,184.25,109.92,East,Retention,Video,2018.0
438.37,131k USD,154.58,179.62,145.53,South,Retention,Social Media,
435.39,232k USD,378.06,119.79,71.16,nan,Retention,Bannr,2018.0
262.09,209k USD,261.73,33.39,36.99,South,Acquisition,Search,
471.6,271k USD,271.28,158.24,107.32,East,Awareness,Video,2019.0
347.38,168k USD,387.04,85.68,114.81,West,Awareness,Video,2021.0
347.61,79k USD,376.97,129.06,94.76,North,Seasonal,Video,2023.0
569.54,228k USD,496.5,240.67,46.89,North,Retention,Video,2019.0
365.04,240k USD,151.36,117.79,85.58,South,Awareness,Social Media,2023.0
453.5,190k USD,141.64,214.76,60.58,South,Retention,Bannr,2018.0
375.72,242k USD,389.74,,75.57,South,Seasonal,Banner,2021.0
431.24,173k USD,331.35,177.94,103.88,East,Retention,Bannr,2020.0
556.2,180k USD,209.66,244.94,116.88,West,Awareness,Video,2018.0
251.51,156k USD,131.77,52.42,50.19,North,Retention,Soial Media,2019.0
140.12,56k USD,134.26,31.83,72.69,nan,Awareness,Social Media,2020.0
402.85,76k USD,457.68,125.39,54.99,Online,Seasonal,Soial Media,2022.0
202.87,57k USD,176.75,50.38,45.82,East,Retention,Social Media,2020.0
476.62,209k USD,229.35,194.64,121.84,North,Awareness,Video,2019.0
510.31,128k USD,190.66,231.2,138.2,West,Seasonal,Social Media,2025.0
341.17,177k USD,242.0,125.48,68.13,East,Retention,Video,2020.0
372.13,276k USD,127.77,86.92,117.67,nan,Seasonal,Bannr,2019.0
373.23,112k USD,307.62,125.57,136.61,North,Awareness,nan,2025.0
481.84,152k USD,127.05,189.16,130.0,East,Retention,Search,2018.0
295.44,238k USD,420.14,31.99,43.77,North,Retention,Social Media,2025.0
422.78,107k USD,193.48,159.68,144.32,North,Retention,Video,2021.0
364.47,69k USD,316.0,164.92,68.97,West,Seasonal,Soial Media,2022.0
448.52,122k USD,452.03,170.29,64.1,Online,Seasonal,Video,2025.0
274.7,90k USD,360.35,83.24,28.12,West,Awareness,Soial Media,2021.0
471.8,282k USD,313.18,187.09,83.2,North,Acquisition,Social Media,2021.0
272.61,252k USD,229.73,50.11,34.17,East,Retention,Banner,2021.0
338.6,208k USD,233.2,73.84,52.31,nan,Retention,Soial Media,2025.0
552.26,267k USD,367.79,223.04,61.2,West,Awareness,Video,2019.0
548.43,250k USD,497.66,192.52,125.15,Online,Retention,Social Media,
244.14,96k USD,364.74,33.02,133.81,North,Seasonal,Video,2019.0
344.39,273k USD,323.11,84.64,59.32,nan,Seasonal,Banner,2022.0
345.84,184k USD,392.26,77.17,131.63,West,Retention,Search,2019.0
357.42,251k USD,286.08,89.58,131.44,West,Retention,nan,2023.0
373.13,274k USD,124.06,84.46,119.4,West,Seasonal,nan,2019.0
243.98,129k USD,324.92,43.76,39.07,West,Retention,Banner,2019.0
436.52,77k USD,483.05,130.97,109.74,nan,Seasonal,Bannr,2019.0
422.02,106k USD,170.12,191.2,142.85,East,Acquisition,Social Media,2018.0
449.28,156k USD,376.0,163.48,108.73,Online,Acquisition,Banner,2022.0
411.5,,180.37,178.03,,Online,Retention,Search,2023.0
315.51,265k USD,314.33,47.85,85.08,North,Retention,Video,2019.0
443.55,51k USD,138.67,239.33,103.94,South,Retention,Social Media,
478.8,177k USD,280.15,214.47,86.37,East,Seasonal,Soial Media,2022.0
463.21,154k USD,402.47,207.12,35.59,North,Acquisition,Banner,2020.0
449.06,105k USD,239.03,211.06,60.57,North,Acquisition,Search,2018.0
529.33,79k USD,365.96,,124.31,West,Awareness,Banner,2025.0
430.88,134k USD,418.18,149.74,131.98,South,Awareness,Bannr,
369.44,285k USD,470.87,74.06,37.85,South,Retention,nan,2019.0
442.09,130k USD,193.86,165.69,143.81,East,Seasonal,nan,
464.31,179k USD,259.73,193.43,62.75,South,Retention,Social Media,2023.0
453.74,225k USD,160.97,192.34,106.1,North,Acquisition,Video,2018.0
,140k USD,496.99,144.72,117.74,South,Retention,Search,2023.0
397.37,292k USD,470.8,45.06,125.55,South,Retention,Banner,2025.0
427.86,290k USD,315.98,111.64,142.95,Online,Acquisition,Social Media,2025.0
514.03,112k USD,436.81,232.57,60.68,North,Acquisition,Banner,
453.69,174k USD,308.38,158.58,131.61,nan,Acquisition,Social Media,2018.0
335.54,125k USD,349.43,148.43,37.12,South,Acquisition,nan,2020.0
293.71,121k USD,135.65,89.15,111.66,South,Awareness,Bannr,
358.05,59k USD,402.11,111.06,116.46,West,Seasonal,Banner,2022.0
486.29,202k USD,151.09,226.98,108.1,South,Seasonal,Bannr,2018.0
474.54,175k USD,430.43,176.62,52.8,South,Acquisition,Soial Media,2021.0
506.97,62k USD,412.81,203.23,133.5,Online,Seasonal,Soial Media,2025.0
348.03,119k USD,383.5,129.96,41.95,North,Seasonal,nan,2020.0
392.44,277k USD,,168.65,26.97,East,Seasonal,Search,
305.12,109k USD,221.25,84.64,113.27,North,Seasonal,Bannr,2025.0
392.87,86k USD,205.25,185.2,81.81,West,Acquisition,Social Media,2021.0
383.02,172k USD,244.05,124.07,130.38,North,Retention,Search,2020.0
316.14,296k USD,135.06,127.36,69.84,South,Retention,Banner,2025.0
456.81,110k USD,474.78,172.85,41.88,West,Retention,Banner,2021.0
561.95,218k USD,321.52,235.98,128.74,North,Awareness,Social Media,2021.0
294.75,240k USD,,44.08,91.36,West,Seasonal,Video,2025.0
432.52,109k USD,258.79,211.44,44.6,East,Acquisition,Video,
378.38,232k USD,278.88,94.32,113.65,North,Acquisition,Banner,2025.0
371.28,141k USD,340.24,127.66,86.44,nan,Awareness,nan,2023.0
275.29,208k USD,306.27,34.82,98.56,South,Acquisition,nan,2018.0
353.56,208k USD,467.76,96.23,79.92,West,Retention,Social Media,2018.0
401.58,183k USD,298.79,140.58,127.73,nan,Awareness,Video,2020.0
283.6,72k USD,496.86,42.36,127.84,nan,Acquisition,Bannr,2022.0
487.64,258k USD,440.57,138.04,112.22,Online,Awareness,Banner,2025.0
454.23,130k USD,183.4,233.96,33.7,West,Awareness,Soial Media,
306.72,96k USD,472.24,53.19,129.05,nan,Acquisition,Bannr,2023.0
352.27,60k USD,146.55,198.18,107.23,Online,Retention,Social Media,2018.0
425.19,197k USD,426.98,120.13,110.61,nan,Acquisition,Soial Media,2018.0
429.05,219k USD,252.25,174.14,67.19,South,Seasonal,Bannr,
338.26,54k USD,,87.25,134.31,East,Seasonal,Video,2023.0
376.46,178k USD,447.22,65.09,114.3,Online,Acquisition,nan,2019.0
279.04,106k USD,422.37,65.3,34.64,East,Retention,Video,2023.0
296.61,211k USD,416.01,45.51,73.01,West,Seasonal,Soial Media,
273.83,93k USD,221.87,70.84,135.23,South,Seasonal,Search,2018.0
387.35,222k USD,132.37,176.13,26.14,Online,Acquisition,nan,2022.0
498.54,146k USD,261.19,223.97,144.98,West,Acquisition,Banner,2019.0
512.01,284k USD,169.41,209.11,108.29,nan,Acquisition,Soial Media,
457.99,84k USD,377.98,180.73,102.08,North,Awareness,Social Media,
222.46,135k USD,238.44,54.3,55.17,West,Awareness,Banner,2021.0
324.9,78k USD,490.24,93.62,52.34,East,Awareness,Bannr,2023.0
455.32,281k USD,356.39,98.16,142.47,South,Acquisition,nan,2021.0
379.06,269k USD,428.99,84.99,58.78,South,Retention,Social Media,2019.0
385.28,114k USD,153.01,143.3,120.82,West,Seasonal,Social Media,2019.0
439.26,214k USD,444.81,147.82,71.11,nan,Awareness,Video,2019.0
402.04,254k USD,469.1,108.51,38.1,North,Retention,Bannr,2020.0
335.54,188k USD,294.82,107.83,21.39,East,Acquisition,Video,2023.0
489.22,182k USD,342.5,212.28,90.75,West,Awareness,Video,
547.67,110k USD,405.92,,146.85,West,Acquisition,nan,2025.0
282.9,73k USD,169.94,97.72,67.99,South,Retention,Search,2022.0
563.09,274k USD,301.03,231.03,66.44,East,Awareness,Video,2022.0
559.74,275k USD,259.47,239.62,64.73,North,Awareness,Banner,
346.43,208k USD,158.55,101.88,87.67,South,Awareness,Social Media,2021.0
,134k USD,247.01,107.97,77.29,West,Awareness,nan,
384.25,137k USD,127.27,141.24,134.39,South,Retention,Video,2021.0
485.95,231k USD,110.32,237.05,,South,Awareness,Soial Media,2025.0
509.77,274k USD,154.07,222.79,86.01,Online,Seasonal,Banner,2021.0
321.51,271k USD,485.25,52.56,37.99,South,Seasonal,Bannr,2023.0
398.25,244k USD,319.81,116.4,147.76,nan,Acquisition,Social Media,2018.0
428.01,210k USD,486.33,151.74,52.5,South,Awareness,nan,2021.0
321.02,71k USD,273.0,140.69,29.54,nan,Seasonal,Soial Media,2019.0
303.25,90k USD,224.73,72.65,106.21,East,Seasonal,nan,2021.0
524.4,274k USD,302.46,218.94,97.4,South,Seasonal,nan,2019.0
465.1,,275.8,178.93,73.97,North,Retention,Soial Media,2020.0
377.3,52k USD,142.27,214.34,74.88,nan,Awareness,Bannr,2018.0
468.97,75k USD,356.33,218.93,122.06,nan,Retention,Soial Media,2018.0
463.45,215k USD,186.42,,45.44,West,Retention,Banner,2025.0
368.96,51k USD,347.84,126.63,126.63,East,Seasonal,nan,2023.0
414.41,90k USD,360.08,164.32,104.34,South,Seasonal,Bannr,
284.76,187k USD,160.81,65.28,74.47,North,Acquisition,nan,2023.0
401.54,222k USD,124.54,178.2,79.54,West,Awareness,Soial Media,2022.0
326.38,212k USD,412.3,69.44,53.36,East,Awareness,Bannr,2020.0
439.13,106k USD,283.92,182.67,117.77,nan,Seasonal,Bannr,2025.0
339.12,228k USD,123.27,80.51,86.67,North,Seasonal,Video,2023.0
263.97,109k USD,497.95,55.86,61.71,South,Awareness,Video,2019.0
300.55,131k USD,123.11,66.36,97.49,Online,Acquisition,Video,2020.0
343.95,236k USD,378.01,30.44,149.45,Online,Seasonal,Soial Media,2018.0
483.14,212k USD,493.47,188.12,76.58,East,Acquisition,Social Media,
481.39,262k USD,195.67,191.13,139.69,North,Retention,Banner,
383.46,214k USD,156.9,143.29,,West,Seasonal,Soial Media,2019.0
224.47,192k USD,148.55,65.5,27.12,North,Retention,nan,2025.0
198.42,73k USD,221.31,48.38,46.55,nan,Seasonal,Video,2025.0
215.57,141k USD,140.42,34.21,74.43,Online,Retention,Bannr,2020.0
303.66,116k USD,376.86,66.46,48.55,East,Seasonal,Soial Media,2018.0
422.95,110k USD,124.92,225.99,20.03,South,Acquisition,Bannr,2023.0
398.33,293k USD,303.77,83.14,138.95,North,Acquisition,nan,2019.0
412.14,148k USD,498.68,107.94,129.7,Online,Acquisition,Bannr,2019.0
346.12,273k USD,425.59,53.18,116.5,West,Retention,Bannr,2018.0
281.34,207k USD,346.09,78.92,41.82,East,Acquisition,Search,2019.0
363.86,248k USD,222.5,144.23,35.65,South,Retention,Social Media,
426.36,175k USD,349.56,163.71,28.79,North,Seasonal,Banner,2023.0
374.7,194k USD,310.82,83.98,114.12,West,Retention,Banner,2023.0
316.7,173k USD,270.43,42.7,140.75,South,Seasonal,Video,2023.0
,98k USD,152.28,116.03,75.97,nan,Awareness,Search,2018.0
338.06,230k USD,454.64,81.52,35.49,Online,Awareness,Soial Media,2021.0
282.83,120k USD,279.91,78.3,86.61,nan,Awareness,Soial Media,2021.0
433.29,56k USD,177.85,241.17,65.35,Online,Retention,Banner,2025.0
419.33,211k USD,247.1,165.59,68.73,West,Awareness,Social Media,2025.0
364.28,94k USD,,152.51,100.77,nan,Awareness,Bannr,
471.06,285k USD,431.02,121.47,113.43,Online,Awareness,nan,2019.0
418.53,288k USD,393.45,124.37,34.38,East,Seasonal,Video,2023.0
422.03,278k USD,407.72,149.0,24.63,West,Acquisition,Social Media,2019.0
443.4,142k USD,104.41,183.21,149.26,Online,Retention,Banner,2018.0
398.84,53k USD,266.46,184.47,50.25,North,Awareness,Search,2019.0
347.43,282k USD,292.54,67.77,27.0,Online,Seasonal,Video,2022.0
339.01,157k USD,107.68,140.02,44.68,nan,Acquisition,Banner,2021.0
376.47,291k USD,203.93,120.63,25.06,East,Acquisition,Soial Media,2019.0
550.76,290k USD,404.12,221.52,70.94,South,Acquisition,Video,2019.0
484.15,263k USD,154.84,168.91,124.31,South,Seasonal,Banner,2020.0
356.06,123k USD,314.12,147.15,64.36,Online,Awareness,Soial Media,
277.11,146k USD,186.08,55.39,77.74,South,Acquisition,nan,2019.0
430.92,262k USD,104.85,163.24,107.83,Online,Seasonal,Soial Media,2022.0
289.44,129k USD,196.48,55.78,86.16,East,Seasonal,Bannr,2021.0
401.0,92k USD,490.35,,131.99,South,Retention,Search,2020.0
779.1,189k USD,420.61,409.25,132.58,nan,Seasonal,Bannr,
487.13,284k USD,483.83,182.26,21.29,nan,Acquisition,Banner,2018.0
372.28,224k USD,295.14,75.38,121.15,North,Acquisition,nan,2025.0
352.72,192k USD,143.89,116.21,,Online,Seasonal,Social Media,2018.0
497.18,74k USD,319.18,227.05,148.55,South,Acquisition,nan,2021.0
329.32,203k USD,281.75,74.95,82.82,nan,Seasonal,nan,2025.0
533.52,297k USD,437.74,141.72,148.3,East,Acquisition,nan,2018.0
302.13,85k USD,139.23,122.24,118.09,East,Retention,Bannr,
267.59,179k USD,295.3,33.99,52.32,North,Awareness,Social Media,2022.0
499.45,269k USD,160.02,204.41,89.99,East,Retention,Soial Media,2019.0
357.4,235k USD,,45.19,148.98,East,Retention,Banner,2021.0
444.47,224k USD,394.94,134.34,131.48,South,Awareness,Search,2025.0
402.06,225k USD,290.41,153.35,32.66,Online,Acquisition,Social Media,2020.0
429.12,139k USD,250.36,168.25,111.83,West,Awareness,Banner,2019.0
422.45,123k USD,257.79,181.5,64.93,East,Seasonal,Social Media,2018.0
331.68,252k USD,283.78,85.72,20.91,East,Awareness,Bannr,2018.0
291.13,252k USD,414.01,32.2,72.45,West,Retention,Banner,2020.0
511.19,266k USD,456.83,189.16,50.52,East,Awareness,Bannr,2022.0
551.12,278k USD,482.13,147.84,126.45,South,Acquisition,Video,
511.37,177k USD,414.76,213.95,63.85,South,Retention,Banner,
527.54,175k USD,226.16,210.71,127.58,West,Seasonal,Social Media,2020.0
516.43,249k USD,375.25,215.53,20.08,nan,Acquisition,Video,2021.0
417.33,212k USD,275.04,136.72,60.02,East,Retention,Bannr,2020.0
341.66,225k USD,201.87,103.4,51.35,nan,Seasonal,Bannr,2018.0
522.48,248k USD,436.35,204.14,50.36,East,Acquisition,Social Media,2022.0
359.65,272k USD,115.37,129.28,28.86,Online,Seasonal,Video,2022.0
307.05,134k USD,460.7,70.36,44.33,East,Awareness,nan,2023.0
496.37,143k USD,284.59,218.09,92.22,South,Awareness,Soial Media,2020.0
443.68,73k USD,354.88,224.16,57.88,North,Seasonal,Search,2021.0
441.95,194k USD,363.74,132.59,74.26,North,Awareness,Social Media,2018.0
244.02,58k USD,458.05,46.65,68.99,North,Seasonal,Bannr,2019.0
422.43,166k USD,354.67,115.32,133.87,North,Acquisition,Banner,
551.7,185k USD,345.57,206.78,137.69,nan,Retention,Video,
444.97,121k USD,126.66,228.39,84.08,nan,Seasonal,Soial Media,
295.77,197k USD,307.36,74.76,62.92,East,Retention,Search,2022.0
202.19,57k USD,160.07,44.73,33.88,nan,Retention,Banner,
510.78,59k USD,394.97,223.02,143.94,East,Seasonal,Video,2020.0
385.0,255k USD,304.89,115.67,27.83,Online,Awareness,Soial Media,2023.0
392.49,140k USD,372.09,149.19,58.69,East,Acquisition,Social Media,2021.0
467.5,81k USD,116.67,242.97,58.75,North,Retention,Soial Media,2021.0
197.23,180k USD,133.92,44.64,61.65,West,Acquisition,Social Media,2025.0
463.8,242k USD,386.53,172.63,,West,Retention,nan,
272.83,103k USD,128.83,46.3,121.81,South,Seasonal,Video,2018.0
316.77,205k USD,128.5,112.6,,South,Awareness,Soial Media,2022.0
415.28,71k USD,104.84,206.84,102.54,East,Acquisition,Search,2018.0
335.1,62k USD,482.6,125.36,36.1,West,Retention,Soial Media,
519.31,182k USD,395.0,249.38,29.17,North,Seasonal,Video,2023.0
405.41,185k USD,241.3,152.99,138.23,nan,Seasonal,Banner,2019.0
310.71,209k USD,218.61,100.66,44.72,North,Retention,Banner,
345.02,231k USD,239.88,78.42,126.76,North,Retention,Soial Media,2019.0
445.96,293k USD,409.86,107.11,90.8,East,Retention,Soial Media,2019.0
335.53,179k USD,364.55,111.96,30.12,East,Awareness,Social Media,2021.0
266.93,130k USD,174.08,45.12,144.21,Online,Retention,Video,2022.0
340.72,248k USD,169.64,111.31,52.1,North,Retention,Social Media,
347.59,117k USD,139.36,132.13,131.75,North,Awareness,Search,2018.0
444.07,159k USD,364.12,189.0,41.95,East,Seasonal,nan,2018.0
454.53,69k USD,405.75,174.48,131.01,East,Retention,Banner,2023.0
366.39,56k USD,206.02,185.93,21.72,Online,Acquisition,Bannr,2019.0
291.12,290k USD,108.38,31.84,86.53,Online,Seasonal,Bannr,2022.0
356.71,258k USD,132.87,77.89,120.03,South,Acquisition,Video,2022.0
526.05,223k USD,487.14,175.57,141.52,West,Retention,Video,2023.0
393.36,152k USD,218.18,136.48,138.2,North,Awareness,Bannr,2020.0
264.78,93k USD,407.69,31.17,126.55,North,Awareness,Video,2022.0
467.5,89k USD,349.87,206.99,135.46,Online,Awareness,Banner,2022.0
417.03,112k USD,252.78,200.02,45.9,Online,Retention,Search,2018.0
361.94,187k USD,182.27,150.65,56.94,South,Retention,Search,2023.0
288.62,228k USD,148.55,44.62,57.57,West,Acquisition,Social Media,
484.24,215k USD,346.01,198.63,69.02,South,Awareness,Banner,2022.0
442.77,119k USD,409.85,158.42,71.13,West,Retention,nan,2022.0
545.35,288k USD,357.56,202.03,90.79,nan,Seasonal,Video,2018.0
449.6,234k USD,312.12,195.38,40.78,North,Retention,Video,
461.46,188k USD,116.78,206.66,109.86,South,Retention,nan,
393.01,202k USD,487.4,143.96,41.78,Online,Seasonal,Social Media,2022.0
308.92,154k USD,419.49,60.87,60.34,South,Awareness,Social Media,2018.0
388.93,111k USD,217.13,177.65,85.43,nan,Seasonal,Video,2020.0
455.65,138k USD,491.99,166.5,123.54,South,Awareness,Video,2021.0
546.01,239k USD,340.75,193.3,116.13,North,Seasonal,nan,2025.0
301.85,53k USD,332.97,67.37,103.92,nan,Acquisition,Banner,2018.0
293.14,79k USD,399.23,72.89,40.25,Online,Awareness,nan,2018.0
500.92,61k USD,424.71,225.89,91.12,Online,Retention,Social Media,2022.0
374.71,60k USD,362.59,195.0,31.37,East,Acquisition,nan,2018.0
494.99,263k USD,151.24,229.81,69.06,nan,Awareness,nan,2023.0
461.19,225k USD,235.31,196.92,73.76,East,Awareness,nan,2019.0
386.22,168k USD,471.23,161.37,25.18,East,Awareness,Banner,2019.0
348.67,74k USD,189.85,173.91,55.62,North,Seasonal,Soial Media,2020.0
515.28,172k USD,248.87,225.61,144.23,South,Awareness,Video,
449.62,168k USD,272.83,157.34,143.97,Online,Retention,Bannr,2018.0
435.55,93k USD,275.76,169.13,65.8,Online,Awareness,nan,
274.67,158k USD,345.18,64.42,25.6,South,Retention,Bannr,2023.0
394.91,149k USD,477.23,134.26,43.28,Online,Retention,Soial Media,2022.0
433.56,203k USD,196.28,187.61,70.99,South,Retention,Video,2022.0
371.44,208k USD,148.6,89.61,143.21,nan,Acquisition,Social Media,2025.0
201.26,61k USD,178.99,74.5,38.36,North,Retention,Bannr,2021.0
,143k USD,454.77,99.04,119.26,North,Seasonal,Social Media,2020.0
322.0,206k USD,358.32,83.13,34.13,North,Awareness,Bannr,2023.0
336.56,175k USD,214.36,77.28,147.56,South,Seasonal,Social Media,
450.25,264k USD,426.38,123.47,69.61,South,Acquisition,nan,2023.0
555.1,214k USD,444.55,229.72,120.78,West,Awareness,Bannr,2025.0
396.99,90k USD,438.61,141.55,64.54,Online,Retention,Social Media,2025.0
345.24,67k USD,467.57,71.34,101.6,Online,Awareness,Soial Media,2022.0
252.89,,200.9,46.93,44.96,West,Acquisition,Banner,
437.29,56k USD,402.02,183.15,38.98,West,Acquisition,Social Media,2021.0
420.53,196k USD,284.22,114.22,141.95,North,Seasonal,Banner,2022.0
601.06,285k USD,436.8,210.8,139.29,West,Awareness,Banner,2021.0
524.48,193k USD,391.4,175.09,135.37,South,Awareness,Video,2019.0
530.54,147k USD,410.58,205.17,101.31,East,Awareness,nan,2023.0
394.9,210k USD,362.46,89.83,,South,Seasonal,Soial Media,2025.0
402.13,164k USD,170.97,182.32,28.97,West,Acquisition,Banner,2019.0
359.92,186k USD,318.01,88.09,63.52,Online,Retention,Search,
560.07,285k USD,493.87,236.6,60.78,South,Awareness,nan,2022.0
434.59,146k USD,474.96,170.0,102.63,Online,Seasonal,Banner,2020.0
349.86,290k USD,117.27,,66.27,South,Seasonal,Social Media,2018.0
289.39,276k USD,165.93,89.29,39.31,Online,Retention,Banner,2020.0
258.77,98k USD,152.69,72.0,97.54,nan,Acquisition,Social Media,2020.0
456.21,67k USD,390.39,182.82,125.87,South,Awareness,Social Media,2018.0
295.53,75k USD,427.11,78.12,69.68,Online,Awareness,Search,2023.0
321.55,54k USD,185.4,160.97,37.19,East,Seasonal,Banner,2019.0
253.08,73k USD,302.34,88.22,45.57,North,Acquisition,Banner,2019.0
482.6,220k USD,436.28,175.63,50.87,South,Awareness,Bannr,2023.0
421.01,67k USD,393.12,209.29,58.99,East,Retention,nan,2018.0
426.76,129k USD,316.89,201.17,103.56,North,Acquisition,Bannr,2021.0
513.31,261k USD,336.14,197.39,98.12,South,Acquisition,Video,2020.0
303.15,55k USD,303.34,71.3,110.49,East,Seasonal,Social Media,2022.0
296.46,253k USD,219.02,49.44,67.13,East,Seasonal,Search,2019.0
436.89,120k USD,326.01,183.77,127.12,nan,Awareness,Bannr,2023.0
320.13,79k USD,375.55,111.04,46.53,East,Seasonal,Banner,2022.0
437.03,224k USD,449.33,125.12,80.98,nan,Acquisition,Video,2025.0
324.3,207k USD,354.52,36.85,124.12,West,Awareness,Search,2018.0
363.93,269k USD,404.45,87.11,43.42,Online,Awareness,Soial Media,2022.0
251.49,233k USD,164.03,37.41,34.28,North,Acquisition,Banner,
521.54,250k USD,284.62,223.42,134.88,Online,Awareness,Banner,2022.0
409.12,120k USD,948.96,83.55,64.58,Online,Retention,Soial Media,
349.85,94k USD,198.67,152.61,108.9,nan,Retention,Social Media,2020.0
310.41,237k USD,390.58,38.58,23.3,Online,Awareness,Social Media,2018.0
542.14,251k USD,496.72,176.71,109.71,East,Seasonal,Bannr,2022.0
358.62,297k USD,139.67,101.07,61.09,nan,Retention,Bannr,2019.0
423.77,153k USD,260.6,227.54,27.25,Online,Awareness,Banner,2018.0
536.12,143k USD,420.03,225.39,99.28,nan,Retention,nan,2019.0
364.35,244k USD,181.61,101.56,51.3,West,Seasonal,Banner,2023.0
495.94,135k USD,322.03,228.21,70.28,nan,Acquisition,Bannr,2023.0
,282k USD,393.23,249.15,30.48,South,Awareness,Soial Media,2025.0
515.14,264k USD,346.39,211.59,39.13,East,Awareness,Bannr,2021.0
447.69,157k USD,175.21,215.87,58.74,North,Awareness,Banner,2023.0
332.78,237k USD,242.15,84.78,31.67,South,Awareness,Search,2022.0
517.53,238k USD,413.52,156.87,138.41,South,Awareness,Banner,2018.0
206.46,75k USD,321.69,44.8,20.79,South,Awareness,Search,2023.0
278.26,275k USD,102.09,50.88,82.9,Online,Seasonal,Search,2019.0
514.73,176k USD,404.4,249.76,36.02,nan,Acquisition,Banner,2022.0
344.42,256k USD,114.12,101.86,60.0,nan,Seasonal,nan,2023.0
492.63,130k USD,398.29,194.6,140.39,Online,Seasonal,nan,
454.31,273k USD,180.99,207.47,41.02,East,Acquisition,Video,
555.4,147k USD,483.23,218.77,145.56,Online,Seasonal,Bannr,2020.0
470.09,52k USD,247.18,249.48,46.75,Online,Retention,nan,2019.0
378.99,276k USD,230.77,83.13,116.4,Online,Seasonal,Social Media,2025.0
206.81,72k USD,159.56,38.88,,East,Awareness,Banner,2025.0
378.33,129k USD,222.24,120.46,134.98,East,Retention,Search,2025.0
382.37,287k USD,450.66,58.62,92.02,West,Retention,Banner,2019.0
,287k USD,498.53,34.93,89.49,West,Acquisition,Bannr,2025.0
349.14,193k USD,247.32,109.29,45.41,West,Seasonal,Soial Media,2021.0
465.09,207k USD,279.44,202.42,41.61,West,Seasonal,nan,2020.0
,162k USD,388.83,154.56,139.14,nan,Retention,nan,2021.0
367.61,123k USD,454.48,98.81,62.62,South,Seasonal,nan,
444.34,132k USD,337.22,173.96,68.37,South,Seasonal,Search,2023.0
373.07,218k USD,256.61,81.04,118.78,West,Acquisition,Social Media,2020.0
259.47,238k USD,265.05,33.16,64.05,West,Retention,Social Media,2019.0
532.54,247k USD,378.25,198.16,143.77,North,Awareness,nan,2021.0
461.79,247k USD,101.29,167.22,115.93,South,Retention,Social Media,2022.0
406.99,72k USD,347.84,197.71,97.67,North,Acquisition,Soial Media,2020.0
291.89,173k USD,242.2,38.57,134.52,North,Acquisition,nan,2019.0
440.96,64k USD,417.68,214.17,26.45,Online,Acquisition,Video,2018.0
348.99,187k USD,137.2,166.3,53.42,nan,Seasonal,Search,2020.0
418.91,160k USD,335.28,153.95,80.45,East,Retention,Soial Media,2020.0
466.94,271k USD,292.39,167.42,49.51,South,Seasonal,Search,2023.0
,137k USD,356.93,220.18,116.71,West,Seasonal,nan,2022.0
414.71,79k USD,125.94,159.13,139.5,West,Retention,Soial Media,2023.0
364.93,85k USD,331.99,157.81,75.09,East,Acquisition,nan,2025.0
558.79,240k USD,324.59,247.95,64.48,South,Awareness,Soial Media,2020.0
517.78,204k USD,324.26,196.48,145.0,West,Awareness,nan,
349.25,75k USD,341.4,127.3,77.83,West,Retention,Video,2020.0
399.76,71k USD,370.59,185.63,83.58,Online,Retention,Search,2025.0
427.89,225k USD,422.0,115.63,65.71,North,Acquisition,Soial Media,2022.0
304.75,68k USD,207.93,80.35,138.24,West,Retention,Video,2022.0
520.55,255k USD,430.02,161.31,93.96,nan,Retention,Banner,
527.83,,299.3,234.2,119.08,South,Acquisition,nan,
457.29,70k USD,130.82,234.41,125.53,nan,Acquisition,Bannr,2021.0
272.29,71k USD,123.42,105.22,64.44,East,Seasonal,Soial Media,2019.0
437.75,296k USD,233.7,146.09,76.38,Online,Retention,Social Media,2019.0
373.61,143k USD,413.96,76.56,130.3,South,Awareness,Video,2021.0
518.98,142k USD,383.07,249.04,67.22,Online,Retention,Video,2019.0
645.75,,415.45,245.85,123.21,North,Awareness,Soial Media,2020.0
519.77,286k USD,306.91,172.89,142.33,West,Awareness,Video,2021.0
475.11,296k USD,276.08,206.97,101.02,South,Awareness,Banner,2021.0
473.45,238k USD,158.98,187.32,116.41,East,Seasonal,Video,2019.0
446.5,144k USD,231.28,160.49,124.66,North,Acquisition,Bannr,2018.0
242.6,70k USD,273.61,,129.86,North,Acquisition,Bannr,
353.94,244k USD,135.44,130.05,71.36,Online,Seasonal,nan,2019.0
376.82,189k USD,188.24,178.45,26.66,North,Acquisition,nan,2023.0
416.97,156k USD,339.29,179.06,72.24,South,Seasonal,Social Media,2018.0
428.96,276k USD,394.27,112.09,107.59,Online,Retention,Banner,2021.0
530.91,77k USD,499.34,237.17,78.55,North,Seasonal,Bannr,2018.0
395.04,173k USD,473.25,66.82,117.37,East,Acquisition,Soial Media,2020.0
302.0,52k USD,357.03,140.08,66.41,nan,Acquisition,Search,2022.0
442.9,167k USD,268.5,181.99,102.52,South,Retention,Search,2018.0
399.16,64k USD,354.47,183.37,44.23,East,Seasonal,Search,2023.0
446.48,79k USD,414.26,172.7,117.42,East,Retention,nan,2022.0
312.46,79k USD,147.33,90.56,90.94,Online,Awareness,Soial Media,2020.0
252.66,212k USD,263.96,64.37,46.53,West,Seasonal,Video,2023.0
418.66,236k USD,435.92,169.91,57.95,Online,Retention,Soial Media,2025.0
484.9,,253.53,161.85,117.32,South,Retention,Video,2022.0
380.03,290k USD,328.75,69.46,82.74,South,Acquisition,Search,2025.0
414.09,143k USD,335.11,185.13,48.08,Online,Seasonal,Social Media,2020.0
380.37,121k USD,173.79,130.14,145.75,West,Awareness,Social Media,2022.0
574.37,,662.88,176.91,112.97,Online,Awareness,Video,2022.0
470.93,105k USD,233.8,214.22,144.43,South,Seasonal,Search,2019.0
317.38,290k USD,110.48,67.34,75.52,West,Seasonal,Soial Media,2023.0
190.36,53k USD,109.68,34.21,81.76,South,Retention,Social Media,
617.56,292k USD,432.68,201.4,136.73,West,Acquisition,Video,2023.0
385.34,60k USD,209.23,164.13,88.26,West,Acquisition,Soial Media,2018.0
543.22,272k USD,307.23,183.92,111.95,Online,Acquisition,Search,2025.0
428.74,181k USD,219.49,214.39,52.78,Online,Seasonal,Banner,2025.0
552.39,298k USD,476.27,206.62,78.07,Online,Acquisition,Search,2023.0
434.28,68k USD,203.72,241.4,36.05,West,Retention,nan,2023.0
346.89,188k USD,271.86,,46.78,West,Seasonal,Search,2022.0
457.42,292k USD,449.09,137.47,20.12,South,Seasonal,Soial Media,2025.0
379.67,180k USD,436.77,118.42,25.1,East,Acquisition,Soial Media,2021.0
325.29,207k USD,174.44,63.81,147.05,Online,Awareness,Bannr,
438.19,223k USD,421.06,155.97,51.51,nan,Awareness,Bannr,2019.0
370.06,163k USD,283.27,90.94,106.23,South,Retention,Soial Media,
532.16,206k USD,293.19,232.69,129.08,South,Acquisition,Soial Media,2018.0
429.91,196k USD,153.39,158.3,91.59,North,Acquisition,Banner,
397.98,275k USD,132.24,160.42,39.91,Online,Seasonal,Banner,2019.0
366.39,61k USD,391.18,108.08,114.66,South,Seasonal,Search,2018.0
268.09,120k USD,298.58,41.44,98.03,North,Acquisition,nan,2020.0
378.07,287k USD,274.74,36.98,115.06,nan,Seasonal,Social Media,2022.0
439.44,272k USD,391.8,123.13,120.07,nan,Acquisition,nan,2023.0
331.75,163k USD,406.21,48.6,146.8,Online,Retention,Banner,2023.0
387.55,205k USD,163.56,163.51,94.56,West,Seasonal,Search,2021.0
451.85,119k USD,344.09,223.81,64.41,North,Acquisition,nan,
465.57,97k USD,,224.24,104.3,West,Seasonal,Video,2025.0
455.81,165k USD,400.55,174.99,28.9,nan,Retention,Bannr,2025.0
368.18,138k USD,362.78,76.47,136.66,nan,Seasonal,nan,2019.0
509.93,195k USD,,219.86,35.52,East,Acquisition,Social Media,2019.0
392.92,69k USD,127.58,224.94,62.62,East,Seasonal,Search,2019.0
373.52,293k USD,122.82,73.26,126.05,East,Seasonal,nan,2025.0
481.49,296k USD,212.87,192.23,97.65,East,Acquisition,Soial Media,2023.0
308.12,224k USD,204.68,93.03,71.17,South,Awareness,Video,2025.0
454.02,184k USD,198.79,206.58,81.55,East,Seasonal,Bannr,2019.0
530.7,127k USD,462.5,249.39,131.09,South,Seasonal,Video,2022.0
246.16,253k USD,199.82,36.61,64.2,South,Retention,Search,2018.0
570.69,221k USD,208.78,227.42,133.05,Online,Awareness,Banner,2023.0
354.93,90k USD,403.76,166.98,31.46,South,Retention,Bannr,2022.0
558.87,277k USD,279.9,244.14,120.98,South,Acquisition,Video,2020.0
472.7,255k USD,410.68,132.3,130.18,East,Acquisition,Banner,
478.58,287k USD,126.15,216.43,43.64,South,Retention,Social Media,2022.0
294.92,231k USD,295.03,,75.95,West,Seasonal,Search,
263.39,203k USD,113.45,103.76,41.51,East,Awareness,Search,2022.0
274.61,154k USD,125.06,44.74,111.86,North,Retention,Bannr,2020.0
594.17,283k USD,462.57,244.58,89.6,East,Retention,Video,2022.0
525.39,266k USD,155.7,209.73,102.59,South,Acquisition,Social Media,2018.0
412.62,61k USD,312.97,217.56,45.54,West,Seasonal,Soial Media,2023.0
457.31,56k USD,264.44,236.35,47.53,East,Awareness,Bannr,
255.06,144k USD,238.94,48.72,25.39,West,Retention,Soial Media,2021.0
408.62,252k USD,459.93,114.83,61.87,North,Awareness,Bannr,2025.0
318.5,296k USD,108.73,45.63,92.77,nan,Awareness,Video,2020.0
302.14,87k USD,365.52,76.37,131.53,North,Retention,Social Media,
392.33,198k USD,485.36,80.46,106.7,nan,Awareness,Video,2023.0
403.15,145k USD,324.07,133.2,76.6,Online,Acquisition,Search,2019.0
465.55,292k USD,474.73,89.08,143.91,nan,Seasonal,Soial Media,
357.28,260k USD,120.9,52.22,113.5,Online,Seasonal,Banner,2018.0
383.59,259k USD,267.52,66.85,140.92,East,Seasonal,nan,2021.0
278.41,167k USD,204.06,62.4,88.59,Online,Acquisition,Search,2018.0
571.85,153k USD,392.33,244.08,53.66,West,Acquisition,Search,
481.09,118k USD,492.52,197.04,26.87,Online,Acquisition,Soial Media,2018.0
444.23,64k USD,202.61,242.91,114.39,West,Seasonal,Bannr,2019.0
386.68,266k USD,361.67,126.74,35.77,nan,Awareness,Search,2021.0
311.48,,179.24,91.24,59.36,nan,Acquisition,nan,2025.0
548.39,299k USD,326.13,205.62,89.22,nan,Retention,Social Media,2018.0
416.36,299k USD,285.57,101.78,93.37,Online,Acquisition,Search,2019.0
408.46,188k USD,488.8,95.86,98.08,nan,Retention,Social Media,2020.0
305.33,242k USD,343.41,81.15,41.61,Online,Seasonal,Video,2019.0
311.53,286k USD,239.8,58.53,69.37,Online,Retention,Bannr,2022.0
344.95,262k USD,145.64,86.42,100.24,South,Acquisition,Social Media,
,111k USD,160.5,108.17,146.08,South,Acquisition,Search,2023.0
418.33,162k USD,190.13,178.28,114.59,Online,Awareness,Bannr,
286.6,82k USD,200.39,43.76,139.94,West,Seasonal,nan,
385.4,288k USD,440.25,76.31,119.09,East,Retention,Bannr,2019.0
532.36,201k USD,324.49,207.99,96.92,North,Seasonal,Social Media,2019.0
278.32,107k USD,309.36,62.32,44.96,South,Acquisition,Social Media,2019.0
351.0,217k USD,145.91,105.38,106.67,Online,Awareness,Banner,
532.54,204k USD,444.06,220.22,101.04,North,Acquisition,Banner,2025.0
336.17,139k USD,389.13,64.08,98.32,South,Acquisition,Bannr,2018.0
199.06,78k USD,127.07,48.2,83.67,East,Acquisition,Soial Media,2025.0
416.18,217k USD,383.13,136.6,88.73,West,Retention,Soial Media,2021.0
338.96,180k USD,317.42,96.53,63.48,Online,Acquisition,Banner,2019.0
368.41,243k USD,132.69,,87.51,East,Seasonal,Search,2019.0
568.88,180k USD,283.32,326.49,45.68,South,Seasonal,Video,2022.0
354.69,263k USD,293.88,60.17,124.67,Online,Awareness,Bannr,2022.0
383.76,187k USD,166.31,157.75,44.15,North,Seasonal,Video,2020.0
393.8,190k USD,478.28,141.21,31.05,nan,Acquisition,Banner,2020.0
361.78,269k USD,439.99,61.7,76.71,West,Acquisition,Social Media,2022.0
415.68,150k USD,367.61,167.28,105.58,South,Seasonal,nan,2021.0
313.42,83k USD,284.92,90.2,76.9,West,Awareness,Bannr,2020.0
328.6,57k USD,264.71,137.32,55.98,Online,Awareness,Banner,2023.0
337.02,238k USD,360.39,48.1,92.56,nan,Seasonal,Search,2023.0
401.83,205k USD,318.17,131.11,65.11,East,Retention,nan,2021.0
,226k USD,124.91,97.42,,West,Retention,Bannr,2022.0
479.7,103k USD,305.0,210.92,139.94,North,Retention,Bannr,2020.0
292.97,84k USD,422.56,42.54,85.31,South,Retention,Soial Media,2019.0
315.42,53k USD,283.7,122.09,62.62,North,Seasonal,Social Media,2022.0
352.42,137k USD,120.78,130.85,115.83,West,Awareness,Bannr,2020.0
453.99,197k USD,414.51,189.5,24.77,nan,Acquisition,Social Media,2021.0
381.38,148k USD,180.55,156.34,81.72,East,Acquisition,Banner,2023.0
401.3,159k USD,203.45,176.79,63.72,East,Seasonal,Search,
527.46,276k USD,165.88,200.95,139.67,North,Acquisition,nan,2021.0
409.08,137k USD,232.09,219.68,21.56,Online,Retention,nan,
358.67,178k USD,402.7,99.05,91.87,Online,Awareness,Search,2020.0
468.91,245k USD,307.75,148.36,116.29,nan,Seasonal,Bannr,2021.0
450.76,149k USD,181.95,214.82,83.05,East,Awareness,Bannr,2020.0
557.74,205k USD,451.13,247.68,31.1,North,Seasonal,Banner,2020.0
613.47,265k USD,451.83,225.69,146.42,North,Seasonal,Soial Media,
430.02,287k USD,448.23,111.72,87.34,North,Seasonal,Soial Media,2021.0
282.74,86k USD,195.52,72.94,99.84,West,Seasonal,Soial Media,2018.0
438.36,281k USD,280.5,137.67,50.76,nan,Awareness,Social Media,2019.0
508.46,173k USD,494.0,193.16,82.85,Online,Acquisition,Soial Media,2022.0
402.41,114k USD,408.8,138.37,75.79,Online,Seasonal,Search,2023.0
316.05,164k USD,110.87,136.3,29.74,West,Retention,nan,2019.0
490.65,295k USD,126.08,214.41,33.8,South,Seasonal,nan,2022.0
373.5,173k USD,285.57,109.51,128.87,West,Awareness,Social Media,2022.0
496.08,132k USD,463.69,219.15,51.18,nan,Seasonal,Banner,2023.0
418.43,208k USD,315.48,119.5,45.34,North,Retention,Search,2019.0
338.65,110k USD,299.13,102.21,85.64,West,Awareness,nan,2023.0
325.43,68k USD,142.19,129.88,119.94,North,Seasonal,Search,2020.0
401.08,82k USD,362.71,197.74,28.05,nan,Retention,nan,2023.0
293.4,82k USD,428.84,57.72,,nan,Awareness,Video,
261.8,87k USD,252.17,73.21,35.5,East,Seasonal,Banner,
470.87,84k USD,410.24,239.32,24.74,North,Retention,Banner,2021.0
316.72,210k USD,485.79,68.61,26.86,Online,Awareness,Video,2018.0
374.43,95k USD,181.51,154.9,128.44,West,Seasonal,Social Media,2018.0
379.61,136k USD,309.33,157.45,35.34,nan,Awareness,nan,2018.0
384.28,274k USD,214.86,137.72,25.87,North,Retention,nan,2019.0
462.29,168k USD,417.14,171.84,76.93,South,Seasonal,nan,
395.82,216k USD,331.04,80.56,129.72,East,Seasonal,Soial Media,2019.0
426.92,93k USD,353.83,151.59,54.11,South,Seasonal,Soial Media,2020.0
322.97,98k USD,419.17,111.88,74.82,nan,Retention,Soial Media,2025.0
365.3,60k USD,258.39,175.57,25.19,South,Acquisition,Soial Media,2018.0
302.38,92k USD,466.04,61.07,78.38,South,Seasonal,Soial Media,2020.0
367.38,119k USD,313.21,155.59,95.09,East,Retention,Video,
286.77,94k USD,163.18,70.76,94.22,East,Awareness,Banner,2025.0
310.46,72k USD,378.36,91.3,63.22,East,Awareness,Social Media,2018.0
311.87,80k USD,417.3,78.12,61.02,East,Retention,Search,2019.0
232.02,165k USD,226.7,70.22,33.86,South,Acquisition,Soial Media,2025.0
469.4,101k USD,442.87,211.66,67.68,Online,Retention,Video,2021.0
308.52,141k USD,462.46,92.86,32.93,Online,Awareness,nan,2021.0
558.31,175k USD,210.76,233.97,119.66,East,Awareness,Social Media,2021.0
640.04,222k USD,493.41,243.38,145.62,West,Seasonal,Social Media,2023.0
366.05,59k USD,156.28,155.68,146.11,North,Acquisition,Social Media,2021.0
308.6,249k USD,180.81,61.46,132.46,nan,Retention,Video,2022.0
365.15,206k USD,173.69,112.4,98.1,West,Awareness,Search,2018.0
504.81,70k USD,457.6,205.5,111.11,nan,Awareness,Soial Media,2021.0
362.24,268k USD,361.72,110.83,57.08,West,Awareness,Social Media,2025.0
295.79,280k USD,160.84,49.14,102.0,West,Retention,Video,
339.75,65k USD,276.13,152.49,79.23,Online,Retention,nan,2022.0
492.96,119k USD,346.12,215.93,82.66,North,Acquisition,Banner,2022.0
487.13,251k USD,133.39,205.1,118.51,West,Seasonal,nan,2022.0
345.08,237k USD,452.97,68.53,56.65,East,Seasonal,Video,2020.0
426.65,96k USD,421.44,178.01,61.35,nan,Seasonal,Video,2025.0
312.12,102k USD,302.08,78.51,140.2,Online,Awareness,Video,2020.0
285.54,,486.85,78.01,27.31,nan,Seasonal,Social Media,2022.0
515.9,171k USD,267.1,222.3,83.13,East,Awareness,Video,2023.0
444.92,204k USD,493.64,84.93,138.66,East,Acquisition,Banner,2021.0
349.02,142k USD,367.17,87.91,99.35,West,Awareness,Social Media,
282.86,165k USD,353.87,30.14,91.03,East,Acquisition,nan,2018.0
500.58,236k USD,166.38,221.55,52.47,North,Acquisition,Banner,2025.0
451.38,59k USD,452.77,204.37,64.63,East,Seasonal,Bannr,2023.0
421.14,113k USD,271.0,168.01,130.77,West,Seasonal,nan,2019.0
464.79,228k USD,164.89,195.06,92.7,nan,Awareness,Video,2020.0
336.68,273k USD,105.04,63.45,86.92,East,Retention,Soial Media,2021.0
363.78,177k USD,323.9,130.83,32.95,Online,Seasonal,Soial Media,2021.0
313.99,183k USD,310.96,107.27,22.08,Online,Seasonal,Social Media,2019.0
309.13,76k USD,387.74,50.63,145.28,Online,Retention,Soial Media,2019.0
424.83,161k USD,456.1,136.95,69.01,nan,Retention,nan,2025.0
498.47,183k USD,131.76,232.56,98.42,South,Seasonal,Social Media,2021.0
248.62,110k USD,392.6,38.81,30.36,Online,Retention,nan,2019.0
293.61,117k USD,174.96,94.12,108.8,Online,Awareness,Video,2021.0
387.32,144k USD,443.27,75.66,141.23,South,Acquisition,Search,2023.0
313.87,,427.63,82.39,94.84,nan,Acquisition,Search,2025.0
448.9,130k USD,316.32,229.86,36.39,Online,Seasonal,Banner,
400.15,102k USD,384.1,,95.62,West,Seasonal,Video,2019.0
369.7,131k USD,225.74,132.59,119.63,nan,Awareness,Soial Media,2023.0
388.68,79k USD,288.47,197.33,72.83,Online,Retention,Video,2023.0
382.18,272k USD,428.65,63.99,134.38,Online,Seasonal,Bannr,2019.0
,198k USD,283.71,137.2,104.33,South,Acquisition,Search,2025.0
429.76,219k USD,243.12,124.6,136.9,West,Awareness,Soial Media,2021.0
445.39,247k USD,297.68,161.32,101.06,nan,Awareness,nan,
523.41,174k USD,431.3,249.9,37.07,East,Retention,nan,2022.0
376.47,71k USD,234.08,199.28,60.26,North,Seasonal,Search,2021.0
346.03,184k USD,169.5,117.53,46.23,West,Seasonal,Video,2018.0
577.35,196k USD,384.81,212.06,138.15,East,Awareness,Soial Media,2019.0
415.19,236k USD,430.39,67.56,118.85,West,Acquisition,Banner,2020.0
269.32,157k USD,140.25,36.7,107.93,East,Seasonal,nan,2025.0
264.65,81k USD,195.95,74.98,59.13,East,Acquisition,Video,2019.0
240.52,120k USD,156.79,104.89,43.93,West,Awareness,Banner,2018.0
399.48,140k USD,239.18,142.33,118.34,South,Seasonal,Soial Media,2023.0
428.08,211k USD,,165.33,81.64,West,Acquisition,Search,2020.0
530.6,192k USD,399.53,230.33,49.35,West,Awareness,Bannr,2020.0
357.65,139k USD,360.46,142.17,100.16,East,Acquisition,Social Media,2021.0
425.67,296k USD,348.37,140.28,25.24,North,Seasonal,Search,2022.0
261.18,201k USD,240.95,41.05,62.4,East,Retention,Banner,2021.0
297.17,109k USD,436.58,37.68,80.91,Online,Acquisition,Video,2025.0
373.89,75k USD,288.51,151.26,39.23,West,Retention,nan,2020.0
405.52,88k USD,,126.4,148.01,nan,Seasonal,Soial Media,
433.51,111k USD,353.66,214.62,47.18,West,Retention,Search,
221.37,90k USD,150.51,65.35,36.95,South,Awareness,nan,2020.0
267.89,96k USD,370.47,35.49,46.46,nan,Retention,nan,
372.25,121k USD,230.04,128.79,,East,Acquisition,Bannr,
280.54,93k USD,374.53,82.25,75.32,South,Acquisition,Soial Media,2022.0
278.33,274k USD,127.86,40.92,93.5,West,Retention,Banner,2025.0
357.0,,169.95,189.41,22.73,East,Awareness,Soial Media,2019.0
295.86,181k USD,442.29,54.55,24.48,East,Seasonal,Soial Media,2022.0
378.5,152k USD,190.87,163.83,77.96,Online,Retention,Video,2023.0
428.58,295k USD,,91.83,126.17,Online,Acquisition,Social Media,2021.0
266.77,78k USD,211.71,68.17,135.08,North,Acquisition,nan,
359.06,149k USD,357.15,113.55,31.27,Online,Retention,Banner,2019.0
527.36,292k USD,377.66,206.32,89.99,nan,Retention,Video,2021.0
431.01,266k USD,305.06,116.26,138.72,East,Retention,nan,
462.73,254k USD,222.12,195.17,70.44,Online,Seasonal,Social Media,2022.0
246.52,114k USD,185.06,57.61,127.84,North,Acquisition,Video,2019.0
354.92,92k USD,113.28,,37.38,West,Acquisition,Social Media,2022.0
389.25,217k USD,221.58,82.13,141.6,nan,Acquisition,Social Media,2023.0
496.45,282k USD,,179.03,117.69,Online,Seasonal,Social Media,2018.0
472.26,189k USD,475.32,154.47,142.37,East,Awareness,Video,2020.0
618.44,192k USD,859.3,234.41,107.96,West,Acquisition,Soial Media,2025.0
356.07,119k USD,406.43,115.21,67.24,East,Acquisition,Social Media,2019.0
406.38,242k USD,415.38,44.56,141.96,West,Awareness,Soial Media,2020.0
233.8,96k USD,365.99,34.21,55.82,nan,Seasonal,nan,2018.0
436.73,130k USD,204.11,211.91,63.18,East,Awareness,nan,2019.0
430.4,156k USD,462.88,145.44,111.11,Online,Awareness,Banner,2020.0
505.55,176k USD,368.29,200.55,119.49,Online,Awareness,Bannr,2020.0
366.04,110k USD,324.18,81.57,140.82,North,Awareness,Soial Media,2019.0
268.3,78k USD,144.4,105.92,46.62,West,Seasonal,nan,2020.0
347.65,202k USD,278.82,36.62,123.74,North,Seasonal,Bannr,2020.0
540.32,122k USD,284.14,241.53,116.01,South,Awareness,Social Media,2019.0
444.86,195k USD,445.83,176.93,28.29,Online,Retention,Bannr,2025.0
471.62,88k USD,318.66,235.31,70.34,West,Retention,Bannr,2020.0
341.31,170k USD,252.16,88.41,56.76,nan,Retention,Social Media,2020.0
457.33,183k USD,490.72,164.52,59.58,North,Retention,Soial Media,2025.0
436.01,62k USD,144.29,179.27,147.78,nan,Acquisition,Social Media,2021.0
379.49,134k USD,269.02,99.86,103.56,nan,Seasonal,Banner,2023.0
430.6,83k USD,116.81,216.58,113.3,nan,Seasonal,Search,2021.0
536.8,65k USD,395.96,238.38,146.96,North,Awareness,Video,
593.07,297k USD,467.23,224.67,69.04,South,Acquisition,Social Media,2018.0
465.65,130k USD,212.01,192.59,124.24,North,Awareness,Social Media,2021.0
410.01,252k USD,443.34,91.04,76.49,East,Awareness,Bannr,2021.0
302.34,,216.89,91.96,133.04,Online,Seasonal,Banner,2018.0
530.46,220k USD,464.31,241.94,43.49,North,Acquisition,nan,2020.0
341.07,240k USD,401.58,,143.2,North,Retention,nan,2020.0
492.35,198k USD,421.96,187.53,48.44,South,Seasonal,Bannr,2021.0
,167k USD,107.2,185.37,62.41,East,Acquisition,Soial Media,2018.0
510.05,152k USD,485.12,166.99,118.3,North,Acquisition,Social Media,2020.0
538.72,137k USD,390.67,247.82,71.19,Online,Seasonal,Social Media,2022.0
408.19,282k USD,221.9,98.61,99.07,Online,Seasonal,Bannr,2019.0
393.25,257k USD,431.76,104.79,77.79,North,Awareness,Social Media,2019.0
337.22,291k USD,212.61,47.37,116.51,nan,Awareness,Soial Media,2023.0
360.94,81k USD,449.1,127.42,49.68,nan,Awareness,Search,2019.0
298.67,232k USD,145.03,87.43,27.6,East,Retention,Video,2021.0
408.09,284k USD,381.47,105.55,58.99,Online,Seasonal,Video,2019.0
451.17,95k USD,316.28,213.61,81.66,nan,Acquisition,Video,2019.0
415.15,66k USD,138.61,235.81,41.84,Online,Seasonal,Search,2022.0
328.84,235k USD,196.76,70.86,66.12,East,Acquisition,Social Media,2020.0
302.65,193k USD,104.96,111.95,72.0,East,Retention,Bannr,2022.0
540.26,260k USD,287.51,234.3,27.46,nan,Seasonal,nan,2021.0
257.53,84k USD,220.51,43.6,95.83,North,Acquisition,Banner,2019.0
739.39,248k USD,339.34,383.6,134.96,West,Acquisition,Social Media,2025.0
244.43,100k USD,218.9,65.81,39.73,South,Awareness,Search,2020.0
400.15,90k USD,219.97,160.95,97.72,West,Retention,Soial Media,2023.0
280.75,91k USD,397.28,63.1,106.42,West,Seasonal,Search,2023.0
512.43,253k USD,119.26,242.98,74.51,Online,Awareness,nan,
447.8,216k USD,461.16,128.28,111.14,East,Retention,Video,
410.01,180k USD,440.91,140.33,,Online,Awareness,Social Media,2019.0
333.63,139k USD,367.12,84.26,85.6,nan,Seasonal,nan,2019.0
386.08,269k USD,337.29,133.61,20.96,South,Acquisition,Video,2023.0
504.81,148k USD,456.92,175.62,109.92,nan,Seasonal,Banner,2023.0
471.85,254k USD,174.13,195.26,105.97,North,Retention,Soial Media,2025.0
406.09,159k USD,131.59,195.85,24.99,South,Seasonal,Video,2021.0
343.03,144k USD,195.8,157.14,67.87,Online,Retention,Banner,2019.0
559.71,165k USD,417.83,228.96,147.27,Online,Awareness,Search,2023.0
419.77,125k USD,113.87,209.83,74.7,nan,Retention,Video,2025.0
494.51,236k USD,333.12,196.55,85.25,Online,Acquisition,Video,2018.0
345.64,175k USD,498.18,42.23,138.29,Online,Acquisition,Bannr,2023.0
274.09,108k USD,442.28,31.51,113.24,West,Acquisition,Soial Media,2020.0
386.25,274k USD,308.58,76.74,95.67,North,Awareness,Soial Media,2020.0
438.87,145k USD,125.46,175.98,123.71,West,Retention,nan,2018.0
433.2,185k USD,432.55,120.46,132.37,Online,Awareness,Search,
396.51,276k USD,339.59,118.53,79.4,East,Seasonal,Bannr,2021.0
516.09,206k USD,145.97,224.61,81.76,West,Seasonal,nan,
406.14,79k USD,137.54,227.02,70.19,Online,Seasonal,Banner,2019.0
590.99,284k USD,463.85,230.02,145.67,Online,Seasonal,nan,
351.3,206k USD,367.68,99.05,110.63,North,Acquisition,Banner,2019.0
428.75,133k USD,431.71,182.03,30.82,nan,Retention,Search,2023.0
356.92,84k USD,451.59,89.76,132.18,South,Acquisition,Soial Media,2020.0
371.57,248k USD,328.71,,82.47,West,Retention,Banner,2021.0
307.73,,306.98,70.62,28.94,West,Retention,Search,2021.0
364.78,183k USD,272.17,105.26,91.46,West,Awareness,nan,2021.0
393.37,273k USD,226.78,124.59,74.23,Online,Seasonal,Banner,2023.0
561.66,247k USD,273.84,212.81,134.11,North,Retention,Social Media,2019.0
299.99,87k USD,409.55,56.38,46.52,Online,Seasonal,Video,2021.0
495.99,127k USD,340.77,,127.44,Online,Seasonal,nan,2023.0
408.78,112k USD,457.01,146.92,92.5,nan,Seasonal,Soial Media,2023.0
343.77,235k USD,277.35,93.35,27.1,East,Acquisition,nan,2018.0
387.79,58k USD,342.84,138.42,146.34,North,Seasonal,Social Media,2022.0
342.56,192k USD,352.52,95.99,86.64,West,Retention,Search,
423.65,240k USD,336.68,161.14,57.81,South,Acquisition,Search,2021.0
425.87,269k USD,381.05,125.45,81.02,West,Seasonal,nan,2022.0
303.6,135k USD,194.97,66.17,131.52,Online,Awareness,Social Media,2019.0
356.89,255k USD,304.95,55.65,59.64,North,Seasonal,nan,2023.0
299.12,77k USD,141.69,150.27,45.05,North,Seasonal,Video,2025.0
528.18,261k USD,253.8,228.53,36.78,North,Acquisition,Video,
297.45,81k USD,295.07,105.67,58.72,East,Retention,Bannr,
443.93,149k USD,360.89,191.26,121.41,West,Seasonal,Banner,2021.0
494.33,249k USD,480.21,174.91,81.31,East,Acquisition,Bannr,2025.0
488.25,87k USD,340.26,234.94,49.57,nan,Acquisition,Video,2020.0
457.01,107k USD,397.44,210.62,41.6,South,Retention,Social Media,2019.0
434.35,230k USD,302.51,154.65,63.25,nan,Acquisition,Banner,2018.0
534.07,230k USD,353.64,174.55,142.19,Online,Retention,Social Media,2018.0
450.99,210k USD,128.37,227.65,64.59,East,Awareness,Bannr,2022.0
389.26,223k USD,201.76,117.89,148.46,East,Seasonal,Search,2023.0
300.07,185k USD,244.74,101.89,83.08,nan,Acquisition,Social Media,2022.0
235.35,112k USD,289.0,32.38,43.29,Online,Awareness,Bannr,2020.0
475.19,136k USD,118.26,211.84,135.85,North,Acquisition,Bannr,2020.0
429.21,95k USD,156.01,206.22,79.85,Online,Acquisition,Bannr,
310.26,277k USD,210.73,52.98,112.26,West,Awareness,Search,2018.0
471.0,195k USD,488.61,156.91,147.88,nan,Acquisition,Search,2025.0
304.61,150k USD,232.54,132.08,26.52,Online,Acquisition,nan,2021.0
243.19,165k USD,292.82,56.12,32.57,North,Awareness,Search,2018.0
594.56,286k USD,178.44,245.73,113.66,Online,Acquisition,Banner,2018.0
300.86,88k USD,344.31,77.23,56.64,East,Retention,Search,2025.0
242.04,196k USD,212.27,44.79,43.96,South,Acquisition,Search,
371.24,176k USD,182.8,160.87,25.12,East,Seasonal,Search,
423.67,202k USD,306.63,192.55,22.84,South,Acquisition,Social Media,2025.0
216.51,54k USD,102.2,37.14,120.68,Online,Seasonal,Search,2020.0
387.45,268k USD,103.07,174.92,37.48,West,Seasonal,Banner,2025.0
440.75,283k USD,187.63,147.1,80.8,Online,Acquisition,Bannr,2022.0
254.98,191k USD,114.69,52.72,98.77,North,Awareness,Social Media,2020.0
311.38,224k USD,143.21,67.96,75.69,Online,Retention,Video,2025.0
400.87,280k USD,235.54,154.95,23.52,South,Retention,Search,2023.0
396.48,226k USD,421.03,95.2,121.86,East,Acquisition,nan,2020.0
479.81,88k USD,328.82,236.43,21.37,West,Awareness,nan,2020.0
515.76,194k USD,305.07,210.12,119.05,Online,Awareness,Bannr,2018.0
545.05,201k USD,217.4,246.38,136.13,Online,Retention,Bannr,2021.0
372.43,156k USD,472.7,87.13,76.27,East,Awareness,Social Media,2018.0
514.39,234k USD,258.81,243.34,89.62,West,Acquisition,nan,2019.0
411.59,283k USD,134.84,124.87,82.01,nan,Acquisition,Video,2020.0
399.24,281k USD,346.83,106.45,70.6,Online,Awareness,Soial Media,2025.0
286.72,162k USD,145.54,41.08,135.37,Online,Acquisition,nan,2025.0
229.64,78k USD,238.09,41.61,136.21,nan,Seasonal,nan,2025.0
478.31,296k USD,302.96,182.24,63.66,South,Retention,Banner,2020.0
460.79,259k USD,449.69,130.74,99.96,South,Acquisition,Soial Media,2025.0
342.66,81k USD,297.42,79.83,140.5,North,Awareness,Bannr,2019.0
537.0,280k USD,380.9,165.07,145.07,East,Retention,Soial Media,2020.0
403.02,267k USD,497.13,85.63,86.16,West,Acquisition,nan,2025.0
394.58,179k USD,152.6,157.08,78.87,Online,Retention,Bannr,2020.0
360.81,197k USD,209.89,109.03,56.23,Online,Awareness,Soial Media,2023.0
497.68,149k USD,257.83,211.18,144.65,North,Seasonal,Bannr,2020.0
398.85,63k USD,268.73,210.55,38.57,Online,Seasonal,Bannr,2019.0
337.85,133k USD,264.41,135.02,95.38,East,Acquisition,Social Media,2018.0
476.41,250k USD,845.25,107.18,56.73,North,Seasonal,Video,2020.0
278.27,51k USD,385.61,109.76,56.27,East,Acquisition,Bannr,2021.0
461.99,133k USD,343.16,207.26,72.65,North,Retention,Banner,2019.0
386.87,149k USD,223.75,102.2,149.84,Online,Acquisition,nan,2022.0
274.73,184k USD,429.52,75.99,27.15,North,Acquisition,nan,2023.0
398.56,279k USD,482.02,48.63,95.21,South,Acquisition,Banner,2019.0
361.37,136k USD,428.48,132.67,30.73,West,Seasonal,Search,2018.0
311.61,136k USD,100.63,136.07,40.09,Online,Acquisition,Bannr,2025.0
508.9,234k USD,354.56,215.0,77.14,nan,Awareness,Bannr,2025.0
251.27,163k USD,120.45,78.67,86.36,West,Acquisition,Bannr,2019.0
286.18,106k USD,203.04,113.82,53.64,Online,Retention,Soial Media,2022.0
468.06,163k USD,123.81,207.85,61.14,West,Awareness,Bannr,2025.0
402.69,85k USD,341.52,211.2,31.31,South,Retention,Bannr,2023.0
303.98,94k USD,374.64,114.61,59.42,West,Retention,Banner,2021.0
396.42,174k USD,145.8,131.01,145.65,North,Retention,Video,2022.0
362.64,154k USD,253.54,,142.81,West,Awareness,Video,
531.83,278k USD,282.49,235.16,63.53,Online,Awareness,Search,
279.9,140k USD,247.62,56.1,94.21,nan,Seasonal,Banner,2019.0
536.08,195k USD,148.41,,138.25,nan,Awareness,Bannr,2022.0
404.02,208k USD,267.58,180.45,20.8,East,Acquisition,Video,2025.0
406.86,53k USD,400.47,146.95,125.39,West,Retention,Social Media,2025.0
313.11,215k USD,128.4,37.18,143.29,nan,Seasonal,Social Media,2019.0
274.99,94k USD,132.07,134.63,31.87,West,Awareness,Social Media,2025.0
336.28,290k USD,241.91,119.7,40.99,nan,Retention,Bannr,2025.0
359.12,87k USD,476.69,65.47,144.9,West,Awareness,Bannr,2021.0
498.23,153k USD,367.43,174.41,89.88,Online,Seasonal,Search,2021.0
458.17,71k USD,371.47,243.65,21.85,West,Awareness,nan,2018.0
439.19,299k USD,244.77,153.68,53.49,Online,Awareness,Search,2021.0
453.59,175k USD,337.46,187.25,78.49,Online,Retention,Search,2020.0
302.23,198k USD,104.05,45.06,110.08,East,Acquisition,Soial Media,2022.0
361.49,66k USD,354.44,121.89,115.31,nan,Awareness,Social Media,2022.0
390.69,237k USD,465.31,55.6,149.4,North,Seasonal,Bannr,2019.0
410.42,102k USD,345.03,164.82,57.38,Online,Awareness,Social Media,2021.0
577.76,274k USD,449.48,236.47,89.97,nan,Awareness,Search,2018.0
407.05,101k USD,389.59,175.59,89.33,South,Acquisition,Bannr,2025.0
236.28,97k USD,148.22,46.9,72.73,West,Retention,Banner,2018.0
308.85,59k USD,460.98,108.03,41.99,South,Seasonal,Video,2018.0
392.63,168k USD,126.58,151.15,147.07,West,Retention,Video,2023.0
452.21,191k USD,313.59,118.71,130.93,East,Retention,Search,2025.0
411.32,66k USD,156.85,213.4,84.78,Online,Retention,nan,2020.0
488.5,243k USD,104.68,209.23,98.42,North,Awareness,Social Media,2021.0
396.93,163k USD,268.81,164.6,49.54,Online,Acquisition,Banner,2025.0
337.32,181k USD,218.02,112.16,90.69,West,Awareness,Bannr,2018.0
356.36,160k USD,294.4,86.17,110.35,North,Seasonal,nan,2025.0
298.68,150k USD,330.88,53.29,86.97,Online,Acquisition,Social Media,2020.0
355.21,189k USD,117.5,108.08,148.74,North,Retention,Search,2022.0
328.79,88k USD,149.2,120.9,99.47,West,Acquisition,Social Media,2019.0
397.95,95k USD,323.46,178.68,68.23,East,Seasonal,Search,2021.0
463.52,265k USD,237.27,174.8,120.38,East,Awareness,Soial Media,2021.0
298.64,286k USD,391.67,45.42,42.16,Online,Awareness,Video,2023.0
367.26,143k USD,360.92,116.96,69.99,South,Retention,nan,2022.0
300.12,117k USD,438.24,69.99,65.1,West,Awareness,Video,2021.0
362.91,210k USD,377.0,64.5,76.13,Online,Awareness,Social Media,2023.0
491.8,152k USD,271.97,212.01,121.63,Online,Seasonal,Banner,2023.0
227.5,56k USD,369.19,39.22,82.94,East,Acquisition,Bannr,2023.0
351.4,89k USD,210.15,122.22,123.22,North,Awareness,Search,
297.59,228k USD,222.53,67.0,94.94,West,Seasonal,Bannr,2021.0
524.15,214k USD,415.59,223.45,64.47,North,Seasonal,Video,2021.0
393.04,56k USD,278.57,152.55,125.3,nan,Retention,Banner,2021.0
307.65,105k USD,419.35,80.9,50.98,nan,Seasonal,Banner,2020.0
403.1,107k USD,428.97,140.53,49.17,West,Retention,Bannr,2023.0
558.21,,443.02,190.93,85.59,South,Awareness,Video,2020.0
500.02,54k USD,466.65,240.79,53.91,nan,Retention,Bannr,2019.0
265.37,76k USD,272.39,78.5,21.18,East,Seasonal,Social Media,2021.0
578.89,249k USD,227.55,224.96,104.28,South,Acquisition,Banner,
468.83,94k USD,332.88,235.55,86.44,Online,Acquisition,Banner,2025.0
512.27,213k USD,248.47,231.61,77.92,nan,Awareness,Social Media,2022.0
443.52,109k USD,340.43,169.79,145.71,East,Awareness,Video,
432.07,74k USD,382.23,168.56,94.26,Online,Acquisition,Banner,2018.0
396.62,110k USD,375.36,118.71,132.25,South,Retention,nan,2019.0
433.33,230k USD,249.82,195.53,38.13,West,Awareness,Soial Media,2025.0
421.8,263k USD,166.74,146.88,94.0,Online,Seasonal,Soial Media,2018.0
522.95,257k USD,272.21,179.04,132.84,North,Awareness,Soial Media,2018.0
321.65,149k USD,157.04,124.26,95.8,West,Retention,Search,2021.0
509.19,217k USD,456.04,190.93,113.34,West,Awareness,nan,2022.0
413.9,101k USD,238.35,211.38,68.37,South,Seasonal,Search,2018.0
232.07,123k USD,161.78,62.22,32.02,South,Seasonal,Video,2023.0
510.09,274k USD,110.18,213.24,79.53,East,Seasonal,Social Media,2025.0
324.18,53k USD,358.33,148.87,71.28,East,Retention,Bannr,
490.01,71k USD,354.76,215.83,132.72,North,Retention,nan,
300.45,101k USD,236.24,124.89,51.72,West,Seasonal,Video,2018.0
341.97,,128.68,113.39,145.68,North,Seasonal,Bannr,2019.0
500.49,95k USD,,231.31,144.56,North,Retention,Video,2022.0
309.44,195k USD,224.49,85.26,52.19,South,Retention,Search,2022.0
484.31,155k USD,370.85,215.73,65.25,North,Retention,Soial Media,
495.85,273k USD,342.31,136.48,136.42,North,Acquisition,Social Media,2018.0
501.0,254k USD,245.84,143.1,145.66,Online,Retention,Search,2022.0
282.94,135k USD,187.16,97.86,77.65,East,Seasonal,Social Media,2019.0
400.26,114k USD,495.21,156.07,61.73,East,Acquisition,nan,
345.61,144k USD,281.6,101.55,88.39,West,Retention,Bannr,2025.0
299.78,197k USD,375.31,38.64,109.41,East,Seasonal,Video,2019.0
287.86,117k USD,156.22,89.84,55.55,nan,Awareness,Banner,2019.0
320.27,206k USD,,31.4,115.74,West,Acquisition,Banner,2023.0
432.53,152k USD,111.01,245.24,26.72,Online,Seasonal,Social Media,2021.0
477.17,188k USD,302.18,242.46,26.41,East,Awareness,Soial Media,2018.0
,159k USD,485.61,116.93,70.22,Online,Seasonal,Soial Media,2025.0
420.12,123k USD,253.68,190.24,65.95,East,Retention,Social Media,
358.17,287k USD,115.6,106.08,61.03,East,Retention,Search,2022.0
387.25,240k USD,112.38,177.64,83.83,Online,Awareness,Banner,2019.0
401.35,85k USD,255.19,207.19,61.7,North,Retention,Search,
494.51,267k USD,164.01,238.29,44.99,North,Seasonal,Bannr,2018.0
302.47,171k USD,109.34,118.05,60.23,North,Awareness,Banner,2025.0
513.49,273k USD,402.49,202.33,146.74,nan,Seasonal,Bannr,2025.0
319.17,249k USD,283.41,88.5,73.44,North,Seasonal,Video,2018.0
473.69,156k USD,215.7,247.87,77.81,East,Seasonal,Search,2021.0
261.72,55k USD,460.03,35.67,94.95,South,Retention,Social Media,2023.0
401.47,117k USD,146.46,162.78,147.83,Online,Retention,Banner,2022.0
448.96,185k USD,482.37,175.09,51.41,South,Seasonal,Search,2023.0
477.18,208k USD,225.59,181.37,108.57,nan,Acquisition,Social Media,2025.0
338.41,114k USD,455.36,56.49,113.08,South,Seasonal,Video,2022.0
498.31,84k USD,341.18,236.48,98.95,West,Seasonal,Banner,2025.0
344.77,258k USD,430.68,69.86,31.52,North,Awareness,Bannr,2019.0
515.23,296k USD,493.61,167.01,107.99,nan,Seasonal,Video,2019.0
262.69,181k USD,215.36,78.99,28.33,East,Retention,Soial Media,2018.0
325.51,92k USD,484.45,97.59,97.5,North,Awareness,Social Media,2022.0
393.33,118k USD,255.79,150.22,116.15,North,Acquisition,Banner,2022.0
312.99,54k USD,254.2,121.78,47.43,South,Awareness,Banner,2025.0
391.69,278k USD,236.15,65.25,129.41,West,Acquisition,nan,2023.0
235.69,79k USD,316.56,67.61,23.95,North,Awareness,nan,2019.0
394.02,194k USD,161.66,121.99,129.7,Online,Awareness,Video,2020.0
388.41,118k USD,321.48,196.6,79.84,Online,Acquisition,Banner,2018.0
700.33,188k USD,316.68,409.38,48.29,North,Retention,Social Media,
287.61,212k USD,404.76,48.51,37.39,South,Retention,Video,2022.0
495.63,257k USD,433.46,116.48,143.93,South,Retention,Bannr,2021.0
233.87,101k USD,276.18,52.05,29.45,East,Awareness,Video,2021.0
193.08,52k USD,220.93,33.65,45.88,nan,Seasonal,Video,2020.0
383.11,84k USD,203.73,175.58,65.22,nan,Awareness,Bannr,2019.0
451.91,275k USD,177.85,162.54,100.63,nan,Seasonal,Soial Media,2019.0
346.18,268k USD,123.06,65.86,90.82,West,Seasonal,nan,2019.0
336.95,199k USD,668.95,81.44,36.33,South,Retention,Social Media,2023.0
251.45,200k USD,208.1,35.22,57.66,East,Seasonal,Soial Media,2025.0
543.46,216k USD,486.57,213.69,51.04,Online,Awareness,Soial Media,2021.0
436.3,93k USD,323.08,244.43,47.76,nan,Awareness,Soial Media,2019.0
341.81,278k USD,238.91,59.8,73.45,Online,Retention,nan,2021.0
327.12,154k USD,332.19,80.92,111.52,Online,Acquisition,Search,2020.0
435.87,145k USD,155.68,221.05,48.27,North,Awareness,nan,2018.0
483.0,179k USD,277.62,233.82,67.67,West,Seasonal,Soial Media,2025.0
353.25,61k USD,350.49,122.32,70.82,East,Awareness,Search,2023.0
277.5,91k USD,295.56,41.14,146.94,West,Awareness,Bannr,2022.0
345.73,234k USD,260.71,38.67,144.11,North,Awareness,nan,2020.0
448.43,70k USD,497.54,156.27,124.02,East,Acquisition,Social Media,2025.0
375.44,200k USD,452.13,116.44,51.42,East,Seasonal,Soial Media,2021.0
235.32,111k USD,349.36,36.3,28.84,South,Retention,Banner,2020.0
387.91,147k USD,327.75,158.32,61.2,West,Awareness,Bannr,2022.0
241.6,122k USD,348.26,32.49,54.68,West,Seasonal,Search,2025.0
430.87,,180.52,203.22,85.77,South,Seasonal,nan,2023.0
401.07,229k USD,258.06,97.42,121.1,Online,Retention,Social Media,
259.25,124k USD,115.78,38.86,131.58,North,Awareness,Video,2018.0
453.29,191k USD,290.22,159.44,129.83,West,Acquisition,Social Media,2022.0
348.38,169k USD,,117.49,66.76,South,Seasonal,Social Media,2025.0
507.89,215k USD,191.1,244.24,109.34,East,Retention,Soial Media,2023.0
479.59,284k USD,485.61,149.72,60.67,nan,Acquisition,Soial Media,2021.0
348.78,233k USD,463.78,90.55,27.92,South,Seasonal,nan,2022.0
421.72,103k USD,388.86,186.08,111.2,nan,Awareness,nan,
229.63,57k USD,313.35,89.73,21.28,Online,Seasonal,Search,2020.0
536.98,115k USD,447.99,228.93,73.19,North,Acquisition,nan,2019.0
319.38,198k USD,152.26,112.44,62.82,nan,Acquisition,Search,2020.0
427.28,62k USD,416.2,150.97,110.14,Online,Awareness,Soial Media,2021.0
263.61,174k USD,149.93,41.13,119.61,nan,Awareness,Soial Media,2025.0
422.23,199k USD,417.68,123.75,59.53,East,Retention,Banner,
499.88,133k USD,210.31,213.12,125.51,East,Awareness,Banner,2018.0
504.36,242k USD,450.84,207.24,58.21,East,Retention,Bannr,2022.0
278.46,76k USD,477.62,79.35,78.02,East,Acquisition,Soial Media,2025.0
235.74,68k USD,159.52,79.74,114.51,South,Acquisition,Video,2018.0
501.48,232k USD,285.07,209.81,110.08,East,Seasonal,Banner,2021.0
626.46,173k USD,492.39,234.69,148.36,East,Seasonal,Search,2022.0
280.04,222k USD,293.36,50.98,,South,Retention,Social Media,2023.0
423.95,158k USD,445.42,129.01,106.1,East,Awareness,nan,2023.0
372.45,111k USD,335.49,104.24,99.26,Online,Awareness,nan,2025.0
553.38,254k USD,250.13,221.55,138.96,Online,Seasonal,Bannr,2020.0
276.57,249k USD,214.31,48.38,40.33,West,Acquisition,Banner,2025.0
640.29,223k USD,181.29,317.89,117.73,Online,Retention,Social Media,2020.0
474.91,118k USD,404.72,195.54,93.87,North,Acquisition,Social Media,
260.92,197k USD,254.62,41.28,55.71,North,Acquisition,Banner,2021.0
367.61,140k USD,304.51,138.36,81.68,North,Awareness,Video,2023.0
330.86,72k USD,296.93,127.26,63.39,South,Retention,Video,
431.27,279k USD,330.91,103.57,95.31,Online,Acquisition,Bannr,2022.0
430.08,84k USD,446.23,116.81,135.57,North,Seasonal,Video,2023.0
501.64,287k USD,492.3,146.59,94.01,West,Seasonal,Bannr,2020.0
322.19,161k USD,263.03,65.5,102.12,South,Awareness,Search,2025.0
419.58,96k USD,431.01,155.84,87.44,West,Seasonal,Banner,2021.0
468.23,185k USD,405.81,207.2,26.65,Online,Seasonal,Social Media,2023.0
500.31,268k USD,329.41,197.24,50.27,East,Acquisition,Bannr,
390.5,233k USD,482.42,63.86,83.96,West,Seasonal,nan,2021.0
280.57,251k USD,180.19,62.83,60.33,East,Seasonal,Video,
268.57,214k USD,143.71,89.0,43.63,South,Acquisition,nan,2023.0
399.53,223k USD,441.58,109.44,85.54,West,Awareness,Bannr,2025.0
395.3,262k USD,275.66,119.86,61.97,West,Awareness,Soial Media,2018.0
447.69,112k USD,438.79,179.53,53.55,nan,Retention,Bannr,2025.0
289.75,172k USD,457.24,42.47,80.32,South,Seasonal,Video,2023.0
134.9,105k USD,124.98,37.63,37.33,South,Acquisition,Soial Media,2020.0
473.08,296k USD,453.39,116.22,140.61,North,Retention,Soial Media,2025.0
516.13,286k USD,279.33,183.38,132.8,Online,Awareness,Video,2022.0
265.79,59k USD,304.17,72.56,111.99,West,Awareness,Soial Media,2020.0
421.2,226k USD,350.64,171.13,33.81,West,Acquisition,Banner,2020.0
451.09,281k USD,470.55,87.16,120.86,South,Retention,Social Media,2020.0
456.1,95k USD,107.65,224.94,125.03,South,Retention,nan,2021.0
536.2,191k USD,290.74,227.05,119.81,Online,Acquisition,Banner,2019.0
364.83,278k USD,375.09,95.4,34.82,South,Acquisition,Banner,2019.0
295.07,,389.08,80.6,103.71,East,Retention,Video,2018.0
429.55,224k USD,377.01,120.49,128.46,East,Awareness,Video,
297.0,124k USD,153.77,82.92,95.06,nan,Seasonal,nan,
452.49,281k USD,219.76,177.92,104.03,East,Awareness,Social Media,2020.0
550.64,292k USD,243.49,211.73,79.59,East,Acquisition,Bannr,2019.0
527.21,286k USD,421.77,178.08,88.73,Online,Retention,Banner,2018.0
417.31,168k USD,211.5,211.36,24.47,West,Retention,Soial Media,2021.0
411.97,265k USD,184.28,117.34,103.07,East,Seasonal,Social Media,2020.0
371.12,261k USD,482.98,64.39,30.59,nan,Retention,Banner,2022.0
392.76,129k USD,103.55,192.35,76.55,South,Seasonal,Bannr,2021.0
414.38,257k USD,499.13,109.3,58.05,East,Awareness,Soial Media,2018.0
445.47,59k USD,370.73,177.68,90.91,nan,Awareness,Banner,2021.0
388.14,199k USD,431.39,89.54,37.34,Online,Retention,Search,2022.0
260.55,107k USD,217.85,47.87,109.91,South,Retention,nan,
452.09,80k USD,105.73,248.37,123.35,nan,Acquisition,Social Media,2021.0
249.29,69k USD,395.15,64.36,41.24,East,Acquisition,nan,2018.0
564.1,224k USD,433.66,247.45,33.56,West,Retention,Video,
479.97,134k USD,396.19,245.0,38.92,South,Retention,Banner,
495.72,231k USD,157.14,204.64,134.03,South,Awareness,Soial Media,
425.95,66k USD,401.37,175.07,88.66,West,Retention,Soial Media,2022.0
401.58,128k USD,407.57,157.12,80.74,South,Acquisition,Social Media,2022.0
503.54,184k USD,363.42,220.54,33.87,East,Awareness,Social Media,
419.32,247k USD,406.45,93.68,104.44,South,Seasonal,nan,2021.0
468.91,129k USD,438.37,132.89,132.84,East,Acquisition,Soial Media,2022.0
493.42,206k USD,345.44,166.27,127.66,West,Acquisition,Soial Media,2025.0
371.85,271k USD,135.44,120.46,101.39,North,Awareness,Soial Media,2021.0
367.93,203k USD,295.05,124.05,29.79,West,Seasonal,Banner,2020.0
283.23,108k USD,131.06,102.66,34.61,East,Acquisition,Soial Media,2022.0
346.64,56k USD,263.02,154.13,26.41,Online,Retention,Video,2021.0
486.68,267k USD,262.84,217.13,53.47,West,Acquisition,Soial Media,2020.0
191.27,55k USD,126.4,74.34,37.64,Online,Awareness,Video,2022.0
497.56,268k USD,239.53,235.58,53.81,Online,Awareness,Banner,2020.0
443.82,182k USD,144.4,181.6,70.06,East,Awareness,Social Media,2023.0
599.92,284k USD,423.29,211.12,142.59,East,Acquisition,Video,2022.0
471.71,249k USD,479.08,152.36,99.35,North,Seasonal,Banner,2023.0
517.04,299k USD,128.93,201.49,128.55,nan,Retention,Soial Media,2018.0
306.69,137k USD,482.05,33.56,112.35,South,Awareness,Banner,2018.0
461.9,241k USD,309.03,210.04,34.63,West,Seasonal,Soial Media,2021.0
270.88,150k USD,219.83,38.83,115.67,East,Retention,nan,2019.0
452.35,169k USD,130.74,225.78,55.76,West,Awareness,Banner,2023.0
591.15,206k USD,300.25,248.23,103.08,nan,Retention,Social Media,2023.0
380.04,268k USD,417.81,94.69,64.33,nan,Retention,Video,2018.0
392.13,296k USD,382.83,76.27,149.7,Online,Seasonal,nan,2023.0
420.48,242k USD,120.09,198.38,54.26,South,Retention,Social Media,2019.0
256.33,154k USD,129.16,85.67,56.29,North,Awareness,Search,
504.93,155k USD,261.15,220.42,140.99,West,Seasonal,Soial Media,2020.0
243.52,234k USD,218.12,52.63,23.2,South,Acquisition,Video,2020.0
284.5,109k USD,192.95,57.71,110.57,North,Acquisition,Social Media,2019.0
464.28,77k USD,212.4,245.41,114.29,West,Seasonal,Video,2023.0
481.27,138k USD,421.39,178.24,128.73,South,Acquisition,Search,2023.0
580.65,121k USD,471.69,216.32,146.68,East,Retention,Bannr,2023.0
372.83,124k USD,262.04,101.35,146.83,West,Awareness,Soial Media,2025.0
426.55,108k USD,462.44,178.83,28.49,South,Retention,Soial Media,2021.0
426.06,60k USD,228.6,160.73,126.84,nan,Seasonal,Banner,2022.0
412.46,54k USD,290.57,162.69,104.02,North,Awareness,Soial Media,2019.0
,296k USD,190.41,180.16,104.15,South,Seasonal,Soial Media,2019.0
387.71,156k USD,356.19,156.58,36.69,East,Seasonal,Social Media,2025.0
418.28,146k USD,491.59,124.39,104.52,West,Seasonal,nan,2019.0
402.3,219k USD,341.4,90.7,147.72,West,Retention,Soial Media,
454.45,104k USD,243.13,199.09,138.54,West,Awareness,Soial Media,
383.05,287k USD,359.13,79.78,77.09,East,Awareness,Search,2019.0
419.38,246k USD,149.17,182.32,25.19,North,Awareness,nan,2025.0
283.0,72k USD,455.46,81.33,67.1,West,Retention,Search,2019.0
482.19,154k USD,301.23,167.57,127.43,North,Acquisition,Video,2023.0
522.0,269k USD,279.74,194.36,111.19,South,Retention,Video,2025.0
367.66,286k USD,334.35,78.12,79.71,nan,Retention,Soial Media,2021.0
259.27,166k USD,349.91,43.19,27.16,nan,Seasonal,Soial Media,2018.0
291.57,203k USD,128.71,58.81,75.5,North,Awareness,Banner,2023.0
376.55,91k USD,373.05,163.32,80.97,North,Awareness,Video,
551.05,297k USD,196.77,216.88,140.71,nan,Acquisition,Social Media,2023.0
256.45,107k USD,385.58,39.9,103.34,West,Acquisition,Soial Media,2022.0
,285k USD,429.01,191.51,60.51,Online,Seasonal,Social Media,2025.0
401.13,212k USD,421.58,105.09,88.29,Online,Awareness,Soial Media,
350.9,201k USD,321.0,135.28,28.59,East,Acquisition,Social Media,2018.0
623.95,178k USD,308.07,234.35,146.43,nan,Acquisition,Bannr,2019.0
277.5,107k USD,157.15,103.03,66.81,nan,Awareness,Social Media,2018.0
373.62,94k USD,410.14,132.37,82.12,East,Retention,nan,2021.0
210.35,105k USD,208.56,33.01,66.19,Online,Acquisition,Video,2020.0
254.2,96k USD,298.68,47.95,108.73,South,Awareness,Soial Media,2023.0
363.57,244k USD,213.71,86.89,106.09,West,Acquisition,Video,2025.0
202.65,137k USD,153.53,36.13,112.99,West,Seasonal,nan,2025.0
403.47,64k USD,351.82,168.9,54.86,South,Acquisition,nan,2018.0
353.89,292k USD,121.73,123.81,61.04,South,Awareness,Social Media,2022.0
432.44,270k USD,399.46,150.59,36.28,Online,Acquisition,Search,
368.45,281k USD,227.03,68.42,105.22,East,Seasonal,Search,2021.0
314.64,298k USD,100.05,95.11,25.17,South,Seasonal,nan,2020.0
414.88,93k USD,304.45,176.04,97.7,East,Acquisition,Search,2021.0
483.81,149k USD,118.74,242.37,133.06,North,Acquisition,Soial Media,2025.0
360.63,239k USD,210.47,41.09,135.81,West,Seasonal,Banner,2019.0
544.88,224k USD,382.79,225.88,78.37,Online,Seasonal,Bannr,2020.0
324.87,88k USD,125.08,156.91,79.71,West,Retention,Social Media,
445.17,253k USD,435.74,154.06,30.01,Online,Retention,Banner,
322.07,106k USD,101.53,140.06,107.2,North,Seasonal,Search,2025.0
296.95,105k USD,198.73,45.27,126.76,West,Acquisition,Social Media,2022.0
297.77,184k USD,396.36,49.77,51.81,North,Awareness,Banner,2020.0
394.59,198k USD,226.51,162.2,74.77,Online,Acquisition,Video,2025.0
373.55,195k USD,140.76,105.01,129.05,South,Acquisition,Search,2022.0
480.98,72k USD,244.09,231.8,134.03,West,Retention,Banner,2019.0
347.92,269k USD,208.16,119.45,51.61,North,Retention,Soial Media,2022.0
320.37,116k USD,437.08,61.52,91.57,nan,Retention,Video,2021.0
,82k USD,225.34,187.24,45.02,West,Seasonal,Search,2018.0
398.14,272k USD,415.57,94.54,33.24,West,Seasonal,Bannr,2021.0
516.0,288k USD,456.75,145.6,138.45,West,Acquisition,nan,
509.29,265k USD,273.53,183.52,126.67,East,Acquisition,Search,2025.0
591.9,252k USD,463.98,228.06,118.8,North,Awareness,Soial Media,2025.0
478.56,213k USD,250.93,204.28,26.34,North,Acquisition,Bannr,2023.0
508.38,187k USD,485.63,178.8,129.68,West,Acquisition,Bannr,2021.0
376.82,71k USD,135.72,179.52,76.95,South,Retention,Bannr,2020.0
617.76,152k USD,850.73,238.1,64.51,West,Retention,Social Media,
342.49,143k USD,,95.08,91.04,East,Retention,Social Media,2019.0
195.45,114k USD,255.06,30.24,31.88,Online,Retention,nan,
394.19,230k USD,353.08,89.83,118.36,East,Retention,Bannr,2023.0
344.98,173k USD,381.54,77.94,95.72,South,Awareness,nan,2023.0
374.92,70k USD,101.75,175.6,44.26,West,Awareness,Video,2023.0
346.2,105k USD,166.78,169.42,44.47,North,Awareness,Bannr,2025.0
416.16,220k USD,385.22,160.56,43.95,nan,Retention,Banner,2018.0
207.53,69k USD,366.55,33.57,27.41,West,Seasonal,Bannr,2022.0
537.12,262k USD,486.42,190.33,96.41,South,Retention,Social Media,2020.0
403.29,173k USD,404.42,101.18,129.25,North,Retention,Social Media,
429.91,170k USD,480.31,176.31,,East,Awareness,Banner,2025.0
406.41,198k USD,381.02,152.45,26.37,Online,Retention,Banner,
382.06,256k USD,219.22,105.4,94.46,Online,Awareness,Search,2019.0
298.78,136k USD,142.15,59.61,126.53,West,Retention,Video,2025.0
320.62,219k USD,412.73,50.77,62.48,East,Acquisition,Video,2018.0
494.95,191k USD,357.66,212.93,65.45,nan,Seasonal,Video,
467.86,116k USD,119.27,232.05,97.53,nan,Seasonal,Soial Media,2025.0
464.95,269k USD,244.02,172.95,,South,Awareness,Social Media,2025.0
304.0,249k USD,482.72,52.76,23.46,Online,Acquisition,Video,2021.0
382.31,214k USD,300.16,118.45,115.58,East,Seasonal,Search,2019.0
532.83,262k USD,273.09,190.37,101.33,West,Awareness,Search,2023.0
526.6,266k USD,283.08,201.56,95.5,North,Retention,Video,2019.0
310.22,227k USD,183.55,56.01,116.42,West,Retention,Banner,2019.0
304.27,259k USD,247.48,30.01,107.78,West,Acquisition,Search,2021.0
433.54,224k USD,247.93,186.67,46.76,East,Seasonal,nan,2022.0
336.06,220k USD,120.94,108.45,65.82,Online,Retention,Banner,2025.0
318.85,204k USD,407.03,85.99,36.39,East,Awareness,nan,2020.0
276.93,238k USD,266.6,32.84,36.88,North,Retention,Social Media,2023.0
418.53,89k USD,428.87,148.87,107.91,East,Retention,Soial Media,
590.02,270k USD,440.14,217.25,131.62,South,Seasonal,Search,2022.0
552.17,267k USD,184.8,240.68,145.16,West,Seasonal,Banner,2018.0
402.37,57k USD,362.94,154.46,101.69,Online,Awareness,nan,2025.0
391.12,256k USD,288.91,143.18,43.93,nan,Acquisition,Video,2023.0
238.15,82k USD,452.06,48.71,33.73,North,Acquisition,nan,2020.0
398.83,133k USD,186.3,150.75,125.67,nan,Retention,nan,2025.0
462.18,235k USD,371.13,113.6,95.24,West,Awareness,Social Media,2018.0
414.64,90k USD,343.1,163.57,100.38,East,Acquisition,Bannr,2021.0
355.62,,218.12,115.52,121.59,nan,Acquisition,Bannr,2022.0
337.59,258k USD,154.64,82.87,111.43,South,Retention,Video,2025.0
344.71,176k USD,360.66,50.89,128.48,East,Awareness,Social Media,2023.0
262.68,51k USD,395.44,99.28,27.31,West,Acquisition,Social Media,2019.0
292.4,121k USD,226.25,51.26,117.18,nan,Seasonal,Social Media,
367.52,204k USD,357.93,68.92,130.61,North,Seasonal,Social Media,
570.53,295k USD,258.05,247.21,57.2,nan,Retention,Bannr,
414.26,207k USD,385.28,127.7,103.26,nan,Retention,Banner,2020.0
332.1,114k USD,179.69,147.01,60.84,Online,Retention,Social Media,2025.0
589.27,208k USD,456.09,222.2,144.54,nan,Retention,Banner,
480.28,184k USD,214.96,249.03,24.35,West,Acquisition,nan,2023.0
443.11,244k USD,247.11,158.2,95.37,North,Awareness,nan,2019.0
412.21,76k USD,123.24,208.74,41.65,West,Retention,Social Media,2023.0
376.97,240k USD,144.6,101.93,112.59,South,Retention,Search,2025.0
288.03,185k USD,306.34,97.26,42.87,East,Acquisition,Soial Media,2018.0
396.36,290k USD,207.04,118.59,50.6,nan,Retention,Search,2019.0
469.11,135k USD,434.19,177.95,84.27,Online,Retention,nan,2019.0
477.59,208k USD,105.88,180.08,138.93,North,Awareness,Soial Media,2023.0
342.47,283k USD,251.64,99.35,47.52,Online,Seasonal,Search,2021.0
321.42,75k USD,701.28,59.31,38.75,Online,Retention,Social Media,2025.0
461.65,284k USD,107.73,169.13,118.67,Online,Acquisition,Banner,
270.51,221k USD,149.75,58.23,85.08,nan,Awareness,Soial Media,2021.0
420.65,66k USD,265.46,157.27,138.53,North,Acquisition,Bannr,2022.0
397.19,125k USD,297.15,182.55,39.06,North,Awareness,Video,
499.56,227k USD,261.72,184.13,103.97,Online,Awareness,Soial Media,2018.0
389.43,66k USD,312.38,195.76,50.27,East,Retention,Soial Media,2021.0
457.28,195k USD,338.05,222.03,40.38,nan,Retention,Bannr,2023.0
353.83,136k USD,103.97,139.99,108.85,nan,Retention,Social Media,2025.0
480.95,205k USD,285.64,190.65,97.18,West,Seasonal,Search,2021.0
431.31,61k USD,485.4,166.22,118.13,nan,Seasonal,Search,2022.0
278.8,267k USD,307.61,71.06,60.23,Online,Acquisition,nan,2020.0
338.95,293k USD,371.02,35.65,78.24,South,Retention,Banner,2022.0
374.16,292k USD,224.75,92.6,72.71,Online,Seasonal,Social Media,2019.0
482.35,237k USD,409.6,127.47,147.93,North,Retention,Bannr,
390.94,82k USD,409.17,165.76,57.99,nan,Seasonal,Social Media,2025.0
494.21,239k USD,308.52,216.99,58.33,nan,Seasonal,Social Media,2019.0
326.81,56k USD,490.41,73.17,66.09,West,Awareness,Search,2021.0
195.93,55k USD,150.22,57.62,93.4,South,Retention,Bannr,2021.0
440.81,130k USD,106.78,241.97,52.8,nan,Retention,Video,2022.0
351.24,172k USD,408.06,53.77,138.99,West,Seasonal,Soial Media,2022.0
438.78,242k USD,422.86,135.27,54.54,West,Retention,Search,2023.0
443.8,220k USD,148.08,158.82,136.46,South,Seasonal,Bannr,2018.0
336.39,161k USD,206.23,149.1,33.45,Online,Retention,Banner,2023.0
264.04,118k USD,107.02,48.93,105.35,Online,Awareness,Soial Media,2019.0
347.02,299k USD,217.32,42.55,137.91,Online,Retention,Soial Media,2023.0
250.12,156k USD,409.26,53.21,41.94,East,Awareness,Search,2022.0
458.88,162k USD,307.18,158.83,145.88,Online,Acquisition,nan,2025.0
370.75,90k USD,239.24,149.76,78.87,South,Retention,Banner,2023.0
421.91,248k USD,248.7,81.42,142.94,East,Retention,Search,2020.0
436.82,223k USD,100.54,170.31,107.99,Online,Retention,Social Media,
394.44,105k USD,219.92,210.41,59.21,East,Awareness,nan,2018.0
194.68,70k USD,358.58,39.15,44.48,South,Retention,Bannr,2022.0
464.36,220k USD,489.68,139.59,59.49,Online,Retention,Banner,2025.0
444.39,213k USD,438.82,181.65,32.09,North,Seasonal,Soial Media,2021.0
214.05,118k USD,109.44,85.51,38.7,nan,Acquisition,Search,
414.4,287k USD,459.42,97.71,33.61,South,Awareness,Soial Media,2023.0
401.24,87k USD,413.28,165.0,74.98,West,Seasonal,Banner,2022.0
561.71,158k USD,412.15,227.55,123.43,West,Awareness,Soial Media,2021.0
475.55,285k USD,283.2,208.18,38.38,South,Seasonal,Search,2021.0
405.4,154k USD,259.2,158.29,36.94,West,Acquisition,nan,2019.0
486.49,209k USD,221.17,190.65,103.65,South,Seasonal,Search,2019.0
280.25,149k USD,126.28,110.26,45.63,North,Awareness,Video,2025.0
327.3,118k USD,191.29,171.01,32.69,South,Retention,Soial Media,2022.0
438.32,295k USD,198.64,132.56,41.69,Online,Retention,Video,
335.65,152k USD,293.63,71.79,140.09,Online,Acquisition,nan,2025.0
521.28,273k USD,398.98,184.38,126.79,East,Awareness,Video,2022.0
401.15,107k USD,289.52,152.42,66.03,West,Awareness,Soial Media,2020.0
328.68,103k USD,123.14,108.9,105.26,nan,Awareness,Banner,2018.0
523.89,57k USD,483.12,230.49,89.85,West,Acquisition,Social Media,2018.0
334.96,212k USD,477.09,34.61,,South,Retention,nan,
411.9,142k USD,414.08,99.47,108.75,nan,Seasonal,Search,2022.0
341.59,266k USD,496.53,42.51,101.74,nan,Acquisition,Bannr,2019.0
440.96,168k USD,317.79,198.64,54.59,West,Seasonal,nan,
508.04,292k USD,485.11,184.46,25.07,nan,Retention,Video,2023.0
308.97,96k USD,130.24,102.9,79.22,nan,Acquisition,Banner,2025.0
515.21,267k USD,246.27,178.65,135.83,Online,Retention,Soial Media,2020.0
380.98,244k USD,190.15,117.11,94.03,North,Seasonal,Banner,2018.0
485.83,242k USD,178.33,196.38,128.21,South,Awareness,Banner,2022.0
454.46,261k USD,156.32,129.92,148.91,West,Awareness,Soial Media,2019.0
400.79,240k USD,348.97,120.7,41.27,Online,Seasonal,Bannr,2019.0
546.36,206k USD,412.53,235.64,109.93,East,Awareness,Soial Media,2019.0
298.13,82k USD,331.32,85.19,107.66,nan,Seasonal,Bannr,2025.0
250.33,58k USD,158.79,56.5,147.39,nan,Acquisition,Soial Media,2023.0
512.7,280k USD,424.45,158.6,148.13,West,Acquisition,Video,2021.0
580.6,204k USD,354.38,243.25,109.27,North,Acquisition,Bannr,
376.17,249k USD,255.27,113.12,51.67,North,Awareness,Video,2025.0
329.9,170k USD,369.65,43.65,123.81,West,Retention,nan,2023.0
272.28,79k USD,203.96,104.65,33.91,West,Awareness,Bannr,2019.0
377.37,81k USD,238.08,141.3,121.49,Online,Awareness,Bannr,2022.0
362.06,221k USD,466.99,65.62,138.33,West,Retention,Soial Media,
423.75,157k USD,216.2,174.78,69.77,East,Retention,Bannr,2020.0
496.98,100k USD,288.0,249.5,101.98,Online,Retention,Video,2023.0
410.52,172k USD,456.06,129.38,75.92,nan,Retention,nan,2022.0
319.37,66k USD,383.09,108.04,76.91,nan,Awareness,Soial Media,2025.0
334.09,195k USD,124.88,118.15,60.35,nan,Seasonal,Search,2025.0
277.99,117k USD,158.92,55.33,119.08,nan,Acquisition,nan,
504.41,249k USD,103.14,224.32,141.7,South,Seasonal,nan,2019.0
407.46,127k USD,352.37,121.26,142.3,East,Awareness,Video,2020.0
326.23,163k USD,279.07,115.2,42.72,Online,Retention,nan,2018.0
418.72,52k USD,153.71,175.13,133.72,Online,Acquisition,Search,2018.0
373.8,68k USD,483.17,127.25,115.87,nan,Acquisition,Banner,2025.0
390.43,148k USD,311.86,172.61,52.87,North,Seasonal,Soial Media,2022.0
219.62,169k USD,196.76,43.52,28.75,Online,Awareness,Banner,2020.0
455.26,200k USD,300.24,209.02,54.84,East,Awareness,Soial Media,2022.0
536.49,122k USD,371.85,236.91,138.59,West,Awareness,nan,2020.0
423.7,223k USD,130.5,172.73,102.31,East,Acquisition,Soial Media,2020.0
556.0,265k USD,209.88,240.0,113.74,nan,Seasonal,Video,2025.0
360.74,244k USD,422.79,63.32,53.43,nan,Acquisition,Search,2022.0
362.31,59k USD,283.87,135.03,113.52,South,Acquisition,Soial Media,2025.0
394.09,170k USD,318.63,162.4,23.66,Online,Retention,Search,
344.83,76k USD,273.13,157.98,68.79,Online,Seasonal,Soial Media,2020.0
317.91,110k USD,117.56,118.32,101.48,Online,Retention,Search,2023.0
342.14,296k USD,166.3,104.38,38.99,nan,Awareness,Banner,2019.0
299.2,85k USD,278.22,57.9,126.99,Online,Acquisition,Video,
311.08,174k USD,183.67,116.18,50.55,North,Seasonal,Soial Media,2020.0
280.42,204k USD,119.99,65.79,104.8,North,Awareness,Social Media,2023.0
507.56,225k USD,437.46,191.56,72.68,West,Seasonal,Search,2020.0
413.69,189k USD,492.48,75.94,97.49,Online,Acquisition,Search,2023.0
222.75,52k USD,417.26,42.88,33.97,South,Seasonal,Social Media,2022.0
389.46,131k USD,441.51,151.52,22.2,West,Awareness,Video,2018.0
456.18,179k USD,196.79,160.95,138.24,nan,Retention,Search,2021.0
485.05,71k USD,484.25,221.82,55.05,Online,Acquisition,Video,
415.4,137k USD,178.77,156.94,126.56,North,Retention,Search,2020.0
384.69,58k USD,480.57,106.01,149.92,South,Acquisition,nan,2021.0
452.42,69k USD,497.93,206.66,47.49,West,Awareness,Bannr,2020.0
382.84,149k USD,384.69,148.86,54.47,South,Acquisition,nan,2022.0
312.12,83k USD,492.46,47.44,106.17,Online,Retention,Search,2022.0
474.28,191k USD,327.82,154.49,145.51,East,Acquisition,Bannr,2023.0
553.2,222k USD,203.82,229.76,139.06,South,Awareness,Soial Media,2020.0
387.11,250k USD,274.8,117.19,85.37,South,Acquisition,Video,2022.0
362.35,100k USD,337.42,95.19,123.36,nan,Retention,Search,2022.0
231.73,91k USD,129.23,61.56,37.65,North,Awareness,Banner,2020.0
290.19,76k USD,348.94,63.32,147.07,Online,Retention,Banner,2023.0
463.67,209k USD,492.47,125.21,145.37,South,Acquisition,Social Media,2023.0
417.39,226k USD,176.04,161.05,41.28,Online,Seasonal,Banner,2023.0
236.21,57k USD,417.04,47.74,58.93,North,Retention,Bannr,2023.0
570.69,284k USD,463.16,236.71,33.02,nan,Acquisition,Banner,2018.0
439.41,62k USD,477.48,196.13,55.32,Online,Seasonal,Banner,2020.0
494.07,185k USD,,159.06,126.07,North,Seasonal,Banner,2025.0
499.62,227k USD,308.58,212.26,69.18,North,Awareness,Search,2018.0
346.27,267k USD,490.92,47.64,31.49,West,Seasonal,Social Media,2022.0
402.14,228k USD,402.92,134.9,64.49,nan,Retention,Video,2018.0
455.73,250k USD,164.67,168.62,147.58,nan,Retention,Social Media,
507.27,134k USD,290.76,212.3,101.86,Online,Seasonal,Bannr,2025.0
558.25,253k USD,387.33,202.36,74.1,East,Acquisition,Search,2025.0
251.83,70k USD,198.94,90.96,41.65,West,Retention,Soial Media,2025.0
638.35,273k USD,356.25,236.99,148.2,nan,Retention,Search,2023.0
327.51,186k USD,366.64,57.36,126.71,North,Awareness,nan,2022.0
475.1,254k USD,165.08,222.53,56.59,nan,Acquisition,Banner,2018.0
519.38,163k USD,326.03,243.61,29.11,East,Seasonal,Banner,2018.0
331.36,210k USD,408.65,68.97,27.36,South,Acquisition,Bannr,
462.7,181k USD,299.56,188.85,,South,Awareness,Soial Media,2020.0
277.43,232k USD,104.84,38.86,95.5,nan,Awareness,nan,2018.0
306.11,70k USD,103.62,119.19,140.74,nan,Acquisition,Search,
352.11,65k USD,242.81,143.58,84.58,West,Awareness,Soial Media,2022.0
479.89,111k USD,470.48,157.74,129.58,nan,Awareness,Video,2023.0
451.46,89k USD,191.47,235.91,77.97,East,Awareness,Social Media,2020.0
502.94,267k USD,353.75,177.9,112.12,nan,Acquisition,Search,
371.51,104k USD,188.83,135.88,115.14,Online,Awareness,Soial Media,2018.0
477.45,293k USD,228.67,208.13,42.62,East,Seasonal,Video,2020.0
524.56,134k USD,439.22,239.12,66.96,West,Seasonal,Video,2021.0
271.33,95k USD,391.54,34.85,102.85,Online,Retention,nan,2020.0
479.69,247k USD,138.16,246.15,29.19,Online,Seasonal,nan,2025.0
308.72,214k USD,271.48,48.95,67.0,South,Retention,Social Media,2023.0
459.79,174k USD,111.67,209.17,89.52,East,Acquisition,Video,2025.0
376.65,188k USD,292.36,91.67,149.51,Online,Awareness,Bannr,2021.0
334.52,229k USD,364.97,59.08,81.69,West,Seasonal,Video,2025.0
344.67,107k USD,147.4,126.77,126.09,South,Retention,Soial Media,2021.0
451.68,299k USD,215.55,171.67,76.17,Online,Acquisition,nan,2020.0
396.03,293k USD,,113.81,123.53,East,Retention,Bannr,2022.0
327.77,212k USD,467.81,42.0,97.4,South,Awareness,nan,2023.0
452.35,99k USD,497.3,161.88,135.26,East,Seasonal,nan,2022.0
482.2,220k USD,117.96,228.53,73.42,East,Acquisition,nan,2023.0
363.22,68k USD,404.4,114.31,98.56,East,Retention,Video,
261.01,57k USD,248.69,77.59,101.9,South,Acquisition,Banner,2023.0
352.03,114k USD,256.98,127.37,74.26,Online,Retention,Video,2025.0
249.5,165k USD,401.71,40.64,38.76,nan,Retention,nan,2025.0
519.7,267k USD,467.37,210.51,32.16,North,Awareness,Bannr,2022.0
494.2,231k USD,480.37,211.79,22.17,Online,Awareness,Video,2019.0
496.73,235k USD,330.85,159.36,133.56,South,Retention,nan,
323.12,156k USD,242.85,107.68,50.74,North,Seasonal,nan,2021.0
461.03,136k USD,415.02,205.95,47.5,North,Acquisition,Video,2025.0
386.53,142k USD,200.4,152.03,115.68,North,Acquisition,Video,
518.32,296k USD,325.63,211.71,61.6,nan,Awareness,Bannr,2025.0
413.46,60k USD,243.43,168.92,85.79,West,Seasonal,Video,2025.0
486.97,266k USD,362.65,202.57,41.13,South,Retention,Social Media,2020.0
457.57,194k USD,196.16,161.68,144.77,nan,Awareness,Soial Media,2022.0
370.69,159k USD,176.64,121.11,130.71,nan,Retention,Social Media,2022.0
613.27,231k USD,467.3,240.75,132.29,West,Retention,Bannr,2025.0
386.13,171k USD,140.72,149.05,72.88,North,Awareness,Banner,2020.0
477.95,268k USD,302.38,163.12,119.11,West,Seasonal,Social Media,2025.0
329.36,275k USD,188.34,78.51,38.7,West,Acquisition,nan,2021.0
404.26,155k USD,115.57,167.64,21.12,nan,Awareness,Soial Media,2020.0
332.38,119k USD,114.41,155.75,22.6,South,Seasonal,Search,2025.0
338.08,198k USD,170.09,70.66,96.26,East,Retention,Soial Media,2023.0
359.45,278k USD,446.71,43.11,79.2,West,Awareness,Social Media,2019.0
362.98,102k USD,212.99,162.96,87.34,West,Acquisition,Search,2023.0
484.04,205k USD,480.18,198.01,20.97,North,Acquisition,Bannr,2019.0
412.23,207k USD,332.65,145.15,74.95,North,Retention,Soial Media,2020.0
350.2,233k USD,274.65,79.89,113.35,nan,Awareness,Banner,2023.0
406.6,82k USD,332.04,176.63,77.55,North,Acquisition,Search,2021.0
326.08,228k USD,306.68,47.62,115.19,Online,Awareness,Search,
403.23,277k USD,403.51,127.2,50.29,West,Acquisition,Soial Media,2023.0
339.29,94k USD,213.0,65.94,125.71,North,Retention,Social Media,2022.0
300.75,109k USD,241.22,70.58,96.5,South,Retention,Search,
381.4,292k USD,457.64,74.5,47.4,Online,Awareness,Bannr,
354.17,95k USD,478.58,115.08,50.77,nan,Seasonal,Soial Media,2019.0
381.38,263k USD,457.02,41.25,101.64,East,Seasonal,Bannr,2019.0
432.05,173k USD,267.78,117.51,127.89,West,Retention,Soial Media,2025.0
,111k USD,412.15,142.58,74.03,West,Acquisition,Bannr,2021.0
413.34,267k USD,290.53,136.32,53.58,South,Seasonal,Social Media,2019.0
420.47,161k USD,299.02,114.21,132.71,East,Retention,Soial Media,2019.0
482.44,178k USD,181.87,214.61,107.0,East,Acquisition,nan,2025.0
303.24,139k USD,336.45,61.97,78.25,nan,Acquisition,Banner,2021.0
403.77,198k USD,174.45,141.25,83.43,nan,Seasonal,Social Media,2023.0
205.46,90k USD,232.63,43.65,46.55,Online,Retention,Bannr,2020.0
271.67,147k USD,442.01,45.65,101.48,West,Acquisition,Soial Media,2023.0
422.29,292k USD,182.83,156.25,66.64,North,Acquisition,Social Media,2022.0
412.06,114k USD,128.46,154.52,149.43,nan,Awareness,Bannr,2022.0
492.5,214k USD,127.6,223.17,82.42,South,Awareness,Video,2019.0
457.81,131k USD,476.31,152.73,83.17,South,Seasonal,Video,
545.49,243k USD,302.77,241.15,93.56,South,Awareness,Search,2022.0
299.82,82k USD,263.76,40.71,139.18,nan,Retention,Banner,2020.0
391.89,292k USD,424.35,51.56,124.11,nan,Seasonal,Video,2019.0
309.15,163k USD,434.33,39.69,78.65,South,Seasonal,nan,2025.0
311.22,109k USD,232.88,70.76,113.43,nan,Awareness,Bannr,2022.0
361.83,68k USD,377.45,149.08,96.21,North,Acquisition,Social Media,
405.4,92k USD,408.45,172.03,84.01,North,Retention,Soial Media,2025.0
248.62,179k USD,361.86,40.03,45.0,Online,Retention,Social Media,2018.0
491.2,134k USD,160.64,238.11,80.31,West,Retention,Search,2018.0
526.36,257k USD,450.35,215.28,51.96,North,Seasonal,Social Media,2018.0
414.43,157k USD,315.64,95.25,138.93,Online,Retention,Video,2025.0
232.08,112k USD,212.99,46.98,63.6,East,Acquisition,Social Media,2018.0
323.43,204k USD,270.09,67.38,143.79,West,Acquisition,Video,2023.0
273.33,226k USD,115.03,57.93,89.3,North,Awareness,Video,2018.0
249.09,91k USD,151.15,57.12,102.1,East,Retention,Banner,2019.0
405.56,91k USD,406.22,144.08,90.58,Online,Seasonal,Search,2021.0
196.97,59k USD,100.0,84.09,36.82,North,Awareness,nan,2023.0
380.2,234k USD,266.63,108.79,68.86,North,Acquisition,nan,
531.85,215k USD,309.0,247.69,,nan,Retention,Bannr,2021.0
406.26,168k USD,121.85,180.55,100.98,East,Acquisition,nan,2019.0
625.03,261k USD,489.23,238.78,78.09,North,Awareness,Video,
324.32,251k USD,190.45,61.36,121.14,South,Acquisition,Soial Media,2019.0
318.96,196k USD,221.68,114.07,48.66,nan,Retention,Search,2020.0
377.84,267k USD,221.58,152.04,41.39,nan,Retention,Bannr,
253.39,101k USD,192.17,46.89,72.82,North,Awareness,nan,2023.0
223.15,77k USD,100.59,30.92,140.46,nan,Retention,nan,2021.0
446.14,117k USD,391.74,177.5,112.35,West,Acquisition,Soial Media,2018.0
393.69,64k USD,486.74,171.2,74.46,East,Acquisition,Social Media,2019.0
350.07,182k USD,189.72,120.37,87.25,West,Seasonal,Search,2018.0
468.17,284k USD,365.22,137.72,30.95,Online,Seasonal,Soial Media,
344.87,59k USD,396.76,121.4,147.99,West,Seasonal,nan,2021.0
263.77,80k USD,439.37,35.28,106.63,South,Acquisition,Search,2025.0
363.69,163k USD,269.05,103.78,57.1,nan,Acquisition,Search,2023.0
373.04,283k USD,221.17,68.96,96.16,nan,Awareness,nan,2022.0
218.75,129k USD,230.12,51.65,34.23,South,Seasonal,Social Media,2025.0
577.71,176k USD,385.05,240.48,145.56,nan,Acquisition,Social Media,
388.62,60k USD,426.71,161.86,42.72,West,Awareness,nan,
412.95,87k USD,172.65,190.3,104.24,Online,Acquisition,Search,2025.0
404.43,296k USD,248.38,99.38,51.91,North,Awareness,Soial Media,2022.0
473.22,291k USD,460.78,116.49,113.28,South,Seasonal,Banner,
348.88,51k USD,,82.12,120.99,West,Seasonal,Video,
393.73,287k USD,493.94,51.33,107.54,West,Seasonal,Social Media,2019.0
316.8,209k USD,401.7,69.39,99.88,West,Acquisition,nan,2020.0
512.56,266k USD,257.28,205.45,136.02,North,Acquisition,Banner,
396.03,163k USD,336.26,179.06,30.22,East,Awareness,Social Media,2018.0
407.66,178k USD,364.41,150.32,63.02,nan,Retention,Search,2019.0
379.52,172k USD,131.38,134.52,52.28,nan,Retention,nan,2020.0
576.08,216k USD,317.8,232.94,148.44,Online,Seasonal,Banner,2018.0
256.17,84k USD,383.73,46.0,70.62,East,Retention,nan,2021.0
310.38,57k USD,166.93,91.73,115.24,nan,Seasonal,Soial Media,2025.0
348.0,126k USD,412.25,106.99,109.01,Online,Awareness,Soial Media,2025.0
468.48,226k USD,333.51,202.13,47.57,Online,Retention,Bannr,2022.0
603.09,100k USD,984.94,248.35,51.07,West,Retention,Video,2020.0
302.18,218k USD,116.97,82.95,56.57,South,Seasonal,Video,2018.0
537.02,292k USD,206.13,222.35,73.45,West,Awareness,Social Media,
442.51,73k USD,340.62,212.74,50.46,North,Retention,Video,2019.0
299.57,218k USD,218.62,79.42,22.55,nan,Retention,nan,2018.0
406.32,160k USD,385.77,117.85,134.32,Online,Retention,nan,2019.0
475.42,267k USD,403.6,120.13,145.53,South,Awareness,Bannr,2025.0
432.01,94k USD,141.01,245.21,64.4,nan,Awareness,Soial Media,2022.0
336.01,223k USD,305.54,,64.01,Online,Retention,Banner,
464.04,259k USD,303.56,205.81,20.92,Online,Seasonal,Banner,2022.0
380.86,286k USD,247.71,103.52,108.43,West,Seasonal,Soial Media,2018.0
539.05,220k USD,473.17,190.79,127.31,South,Retention,Search,2018.0
337.97,174k USD,431.0,122.4,39.06,South,Awareness,Soial Media,2019.0
450.19,204k USD,378.88,157.24,40.76,nan,Retention,Banner,2019.0
579.41,267k USD,385.73,213.17,122.71,Online,Awareness,Social Media,2020.0
499.11,192k USD,284.69,206.92,100.12,South,Retention,Bannr,2025.0
414.48,57k USD,468.4,220.61,25.83,South,Awareness,Soial Media,2020.0
336.96,282k USD,377.84,43.12,100.93,nan,Acquisition,Search,2020.0
472.88,222k USD,,182.25,60.16,West,Seasonal,Social Media,2018.0
335.04,219k USD,444.68,60.8,67.93,East,Acquisition,Soial Media,2023.0
317.54,103k USD,209.63,121.48,120.07,North,Seasonal,Social Media,2023.0
450.21,214k USD,422.83,150.69,125.42,East,Awareness,Soial Media,2023.0
324.89,148k USD,178.1,118.6,72.05,South,Acquisition,Social Media,2023.0
416.14,212k USD,238.14,144.31,,Online,Seasonal,nan,2020.0
497.72,76k USD,234.24,249.24,72.84,North,Retention,Video,2018.0
387.86,214k USD,,59.75,120.34,North,Awareness,Social Media,2023.0
506.46,299k USD,442.61,178.6,82.9,Online,Awareness,nan,
396.85,62k USD,380.47,117.12,136.68,North,Retention,Video,2022.0
419.16,294k USD,390.82,59.26,138.01,Online,Retention,Banner,2021.0
278.16,151k USD,324.83,64.92,31.36,North,Seasonal,Video,2022.0
623.71,267k USD,478.84,238.84,141.74,nan,Awareness,Social Media,2018.0
546.58,245k USD,298.5,223.51,127.32,nan,Seasonal,Bannr,2018.0
515.53,191k USD,252.21,229.55,122.87,East,Retention,Bannr,2021.0
475.59,234k USD,165.21,248.14,46.12,North,Awareness,Banner,2019.0
437.11,269k USD,414.48,75.83,124.67,West,Retention,Social Media,2019.0
386.91,151k USD,393.78,108.2,130.52,Online,Seasonal,Video,
401.24,131k USD,253.74,177.23,57.59,North,Seasonal,Bannr,2019.0
390.57,216k USD,110.08,136.44,143.79,nan,Seasonal,Soial Media,2020.0
395.06,251k USD,435.6,122.05,26.48,nan,Awareness,Search,2019.0
378.31,240k USD,104.57,108.72,39.49,Online,Retention,Social Media,2025.0
458.25,249k USD,381.48,160.63,89.89,West,Retention,nan,2020.0
485.02,158k USD,488.1,156.63,94.85,North,Seasonal,nan,2020.0
347.19,254k USD,275.06,65.52,103.87,North,Seasonal,Soial Media,
308.28,80k USD,193.99,133.78,22.21,West,Seasonal,Soial Media,2019.0
494.76,186k USD,381.95,151.76,144.85,West,Seasonal,Social Media,2019.0
363.43,51k USD,426.85,155.46,25.8,West,Acquisition,Search,
273.77,131k USD,318.57,76.22,38.6,nan,Acquisition,Bannr,2021.0
445.34,141k USD,486.81,193.3,21.82,Online,Acquisition,Search,2023.0
229.57,149k USD,120.67,,,West,Seasonal,Banner,
451.61,223k USD,301.92,108.06,141.19,Online,Seasonal,Video,2021.0
462.57,147k USD,387.38,201.65,106.57,East,Retention,Video,2020.0
429.5,162k USD,445.06,154.06,126.95,North,Awareness,Soial Media,2021.0
212.0,109k USD,171.7,87.46,21.73,North,Retention,Bannr,2020.0
447.19,143k USD,420.0,182.89,90.46,South,Acquisition,Search,2018.0
404.58,106k USD,321.08,154.83,79.74,East,Retention,Soial Media,2020.0
441.4,68k USD,258.62,205.17,84.87,West,Seasonal,Social Media,2020.0
396.41,,152.69,191.71,29.39,West,Acquisition,Soial Media,2021.0
524.54,217k USD,629.16,164.22,108.98,nan,Acquisition,Social Media,2023.0
358.34,204k USD,162.91,137.4,85.42,East,Awareness,Social Media,2018.0
283.5,165k USD,223.92,59.3,119.47,West,Awareness,Banner,2022.0
317.62,144k USD,216.02,87.49,83.09,South,Acquisition,Banner,2022.0
437.29,265k USD,448.57,122.2,39.42,Online,Acquisition,Social Media,2023.0
