Date,Temperature_C
2015-01-01,20.993428306022466
2015-01-02,19.905604959215978
2015-01-03,21.659593192428844
2015-01-04,23.59225638504859
2015-01-05,20.259717518576526
2015-01-06,20.441374073476105
2015-01-07,24.24944260548913
2015-01-08,22.806949907299344
2015-01-09,20.513838949262745
2015-01-10,22.71820829381474
2015-01-11,20.88609605618985
2015-01-12,21.06080759129193
2015-01-13,22.65496954181826
2015-01-14,18.522654640726056
2015-01-15,19.076891995033435
2015-01-16,21.578957892679924
2015-01-17,20.85391933467221
2015-01-18,23.68331899399664
2015-01-19,21.413164095520468
2015-01-20,20.578089214253062
2015-01-21,26.50652653378424
2015-01-22,23.295208620790646
2015-01-23,24.052301838282578
2015-01-24,21.23713769000916
2015-01-25,23.166114443009363
2015-01-26,24.6437812055429
2015-01-27,22.285768770659708
2015-01-28,25.503689454095447
2015-01-29,23.7142253291909
2015-01-30,24.49395090157133
2015-01-31,24.03434227714098
2015-02-01,29.10126580753892
2015-02-02,25.527161624179634
2015-02-03,23.594629857471194
2015-02-04,27.509442955882573
2015-02-05,23.575330262969132
2015-02-06,26.58572992454752
2015-02-07,22.397926621848086
2015-02-08,23.8083966033544
2015-02-09,27.004189956146924
2015-02-10,28.231256168892592
2015-02-11,27.239032172729754
2015-02-12,26.8050496176463
2015-02-13,26.572228797150878
2015-02-14,24.353483691501815
2015-02-15,26.004894853727055
2015-02-16,26.65528868089817
2015-02-17,29.820684835396953
2015-02-18,28.521406808776778
2015-02-19,24.433640566240083
2015-02-20,28.731226023575214
2015-02-21,27.433983708006746
2015-02-22,26.969114510095835
2015-02-23,29.66280914524951
2015-02-24,30.615609926738664
2015-02-25,30.527950828306007
2015-02-26,27.096330486578864
2015-02-27,28.26328151195565
2015-02-28,29.64871091915191
2015-03-01,31.039261169519996
2015-03-02,28.22929110706745
2015-03-03,28.913245593968334
2015-03-04,27.166247103430372
2015-03-05,27.078261851272295
2015-03-06,31.184865109383882
2015-03-07,32.35878875366408
2015-03-08,29.586117884865693
2015-03-09,31.818345677637385
2015-03-10,30.612984927261614
2015-03-11,28.67517732658172
2015-03-12,30.761163499246077
2015-03-13,33.184633712350895
2015-03-14,30.104311796051523
2015-03-15,33.369852474579545
2015-03-16,25.062858057739565
2015-03-17,32.00510284747345
2015-03-18,30.591493513024894
2015-03-19,29.872624517583336
2015-03-20,30.704526104795207
2015-03-21,26.593345585854784
2015-03-22,30.17372092704107
2015-03-23,31.368963310544416
2015-03-24,33.6492825134229
2015-03-25,29.692784514326235
2015-03-26,29.145234888392945
2015-03-27,29.78866498177045
2015-03-28,32.64999419687594
2015-03-29,31.500751950400925
2015-03-30,29.804833804021566
2015-03-31,31.909034978623545
2015-04-01,31.091840118494986
2015-04-02,32.84719737842768
2015-04-03,29.515060398792677
2015-04-04,30.270138513678035
2015-04-05,30.144580849586024
2015-04-06,28.002141712389683
2015-04-07,31.518829571670853
2015-04-08,31.443163655366757
2015-04-09,30.922795405959064
2015-04-10,30.431966373184252
2015-04-11,28.05603441822258
2015-04-12,30.028190854107585
2015-04-13,30.163836486746284
2015-04-14,29.22158237801166
2015-04-15,30.477534082991664
2015-04-16,31.57928367991969
2015-04-17,34.511749632661704
2015-04-18,31.053861111305167
2015-04-19,31.18227895131849
2015-04-20,30.47791813477212
2015-04-21,26.746073369523632
2015-04-22,30.484583683005773
2015-04-23,30.60927388283637
2015-04-24,35.36372353535037
2015-04-25,29.99818529236869
2015-04-26,30.92893094526116
2015-04-27,30.19662276153168
2015-04-28,27.866201948007784
2015-04-29,32.42403853637913
2015-04-30,31.57443929166848
2015-05-01,31.582185933821453
2015-05-02,28.10828827750374
2015-05-03,32.657009902371314
2015-05-04,26.96951957191371
2015-05-05,30.866204761131176
2015-05-06,33.990166045806326
2015-05-07,27.54246933697772
2015-05-08,28.30278505525362
2015-05-09,29.54410219338473
2015-05-10,28.24487732959376
2015-05-11,26.055171688654884
2015-05-12,29.195966363282462
2015-05-13,26.83427870045322
2015-05-14,29.803853136590444
2015-05-15,26.91337164001835
2015-05-16,31.745444350899955
2015-05-17,26.970262552087146
2015-05-18,27.78171306866043
2015-05-19,29.939846703609117
2015-05-20,25.736005461902252
2015-05-21,28.53555851134359
2015-05-22,30.575849080655708
2015-05-23,24.625580663243184
2015-05-24,28.086895863022953
2015-05-25,28.11261158813012
2015-05-26,29.029886375803844
2015-05-27,24.86395110116857
2015-05-28,24.56680945287469
2015-05-29,28.11977575533556
2015-05-30,27.53637373187288
2015-05-31,27.308286182311086
2015-06-01,27.36352032915248
2015-06-02,25.172368691300775
2015-06-03,26.857234465408908
2015-06-04,26.837740023336
2015-06-05,24.680364099031852
2015-06-06,29.696736865794463
2015-06-07,26.76766924151912
2015-06-08,23.290952593750916
2015-06-09,26.839009983832327
2015-06-10,23.42771631158501
2015-06-11,26.801306514782578
2015-06-12,27.393314284722145
2015-06-13,23.28272018554188
2015-06-14,26.697822667846914
2015-06-15,25.442690046607904
2015-06-16,26.106427071981138
2015-06-17,28.100240892587966
2015-06-18,23.659445572803616
2015-06-19,22.485584373591145
2015-06-20,22.056180295146916
2015-06-21,22.04510832800489
2015-06-22,23.363462438427415
2015-06-23,24.04037407901846
2015-06-24,23.75137356785879
2015-06-25,24.69184827259786
2015-06-26,22.902593854972768
2015-06-27,25.622435652486622
2015-06-28,22.02455112585872
2015-06-29,27.83247110683717
2015-06-30,23.48155702557532
2015-07-01,20.353869289438762
2015-07-02,19.76428497276466
2015-07-03,22.70887486159949
2015-07-04,21.134890027076974
2015-07-05,22.847778658138882
2015-07-06,22.20434247548916
2015-07-07,20.950477382351625
2015-07-08,19.241045065691196
2015-07-09,17.74371547941133
2015-07-10,19.719488321340148
2015-07-11,22.164805619448202
2015-07-12,20.720117358875246
2015-07-13,17.6408565853204
2015-07-14,20.319632953766604
2015-07-15,20.585425605059715
2015-07-16,17.889228425291616
2015-07-17,19.807228407081702
2015-07-18,19.459762509611927
2015-07-19,16.901752652346595
2015-07-20,19.748446527961665
2015-07-21,20.000498643378204
2015-07-22,20.89201766410525
2015-07-23,20.681480977362476
2015-07-24,15.667523956788141
2015-07-25,16.39727026813011
2015-07-26,19.154167767852655
2015-07-27,19.004012313668206
2015-07-28,18.860091972916553
2015-07-29,25.39027513780449
2015-07-30,18.682714086301743
2015-07-31,19.669536203622556
2015-08-01,19.165276455899505
2015-08-02,18.420364368153837
2015-08-03,16.34883760056078
2015-08-04,18.3606379593672
2015-08-05,15.16194518551835
2015-08-06,16.100470162418222
2015-08-07,15.471550225298548
2015-08-08,16.47589575584791
2015-08-09,20.81307650109779
2015-08-10,12.322623615183225
2015-08-11,17.30489223479068
2015-08-12,12.584021125255061
2015-08-13,14.744572696330284
2015-08-14,17.747262551799402
2015-08-15,15.580825943420766
2015-08-16,13.181698175271617
2015-08-17,13.79355648040829
2015-08-18,16.472426361109736
2015-08-19,13.543691195700852
2015-08-20,15.33069707067799
2015-08-21,14.884475404487544
2015-08-22,13.387913176882934
2015-08-23,18.879047764980246
2015-08-24,15.76133949384888
2015-08-25,10.34788618885863
2015-08-26,14.67810916632941
2015-08-27,12.891046556004067
2015-08-28,15.831324682353355
2015-08-29,12.455703728948233
2015-08-30,13.728036543535568
2015-08-31,14.886752860462648
2015-09-01,15.530089107841128
2015-09-02,11.322343998795231
2015-09-03,12.980875488582747
2015-09-04,12.629536151383158
2015-09-05,12.204948627503487
2015-09-06,16.977350457315353
2015-09-07,14.19391712097975
2015-09-08,10.802395830735975
2015-09-09,15.10281667217862
2015-09-10,17.457073083645472
2015-09-11,15.226117058147981
2015-09-12,10.073648634187766
2015-09-13,12.09791605414578
2015-09-14,15.557012332068789
2015-09-15,11.567482898889475
2015-09-16,13.832933370650968
2015-09-17,14.459890276618033
2015-09-18,11.024957090553224
2015-09-19,12.730843781552716
2015-09-20,6.341328403406956
2015-09-21,10.751959197531598
2015-09-22,12.275382197575377
2015-09-23,10.267657733746896
2015-09-24,16.013681967928726
2015-09-25,9.877148751404594
2015-09-26,11.848857915599059
2015-09-27,12.984892137030483
2015-09-28,15.60337496947831
2015-09-29,9.849478541790788
2015-09-30,15.050864697436346
2015-10-01,12.751299535491796
2015-10-02,10.777075300542197
2015-10-03,13.676521928727633
2015-10-04,13.165619278750107
2015-10-05,11.585212034126767
2015-10-06,12.946354438898483
2015-10-07,12.060182844804688
2015-10-08,13.084855621562976
2015-10-09,14.212039254862768
2015-10-10,16.09270868141717
2015-10-11,10.480874578406436
2015-10-12,17.26132858179161
2015-10-13,9.132759698238903
2015-10-14,12.777946394872265
2015-10-15,14.305629861244949
2015-10-16,13.741344516954994
2015-10-17,11.987201583810263
2015-10-18,12.872457660562441
2015-10-19,12.361649864763276
2015-10-20,12.230705323160041
2015-10-21,15.173240319770622
2015-10-22,14.255470392511143
2015-10-23,12.225808521249439
2015-10-24,15.483782915074537
2015-10-25,14.37488616458687
2015-10-26,15.464444355824584
2015-10-27,15.179119555820865
2015-10-28,12.345701281633422
2015-10-29,12.969824455010576
2015-10-30,15.673912110812886
2015-10-31,15.491823479424498
2015-11-01,14.323633264775731
2015-11-02,14.697015183859532
2015-11-03,17.11715887630157
2015-11-04,13.480673165983557
2015-11-05,15.862488498681996
2015-11-06,14.470849162108067
2015-11-07,14.54924700347195
2015-11-08,17.29394282222761
2015-11-09,16.861376130408285
2015-11-10,16.954060761293515
2015-11-11,18.056809345469276
2015-11-12,15.608949598479892
2015-11-13,17.054185065624377
2015-11-14,15.195296257173231
2015-11-15,16.59189232201776
2015-11-16,15.813147668446883
2015-11-17,16.399408659468964
2015-11-18,17.52978637863715
2015-11-19,14.839122445203595
2015-11-20,20.79842836894813
2015-11-21,14.741669626650781
2015-11-22,14.46729976552276
2015-11-23,19.355754262591457
2015-11-24,18.768556686774605
2015-11-25,18.58097276449667
2015-11-26,18.738688283990545
2015-11-27,17.608488891394988
2015-11-28,15.991138125352132
2015-11-29,18.09155740100446
2015-11-30,16.741520503320274
2015-12-01,20.203530028314457
2015-12-02,18.11812973539595
2015-12-03,16.921667205257094
2015-12-04,18.091725607665502
2015-12-05,19.723569491147142
2015-12-06,17.934794968887736
2015-12-07,17.583623182743967
2015-12-08,19.882494530924088
2015-12-09,20.05329907978137
2015-12-10,18.718868220351006
2015-12-11,18.96116216699963
2015-12-12,20.538870878774137
2015-12-13,17.3511347000817
2015-12-14,17.605860204683992
2015-12-15,19.15828722868903
2015-12-16,20.343524121235255
2015-12-17,21.568282180034128
2015-12-18,24.073984773839605
2015-12-19,23.01610411636237
2015-12-20,21.159077941386954
2015-12-21,21.61970048576218
2015-12-22,19.832009828909605
2015-12-23,21.97988552137241
2015-12-24,21.61989500102707
2015-12-25,23.02335667168265
2015-12-26,20.904521138421
2015-12-27,23.77904504110788
2015-12-28,25.98745355798195
2015-12-29,22.886283030853743
2015-12-30,24.089207327970424
2015-12-31,24.84815442186387
2016-01-01,22.847559056228334
2016-01-02,24.280318525179172
2016-01-03,24.039400917791053
2016-01-04,24.39154886933019
2016-01-05,22.83200470031227
2016-01-06,24.608668335892347
2016-01-07,25.737013556965252
2016-01-08,27.824367664583605
2016-01-09,27.02132937330306
2016-01-10,29.58945312166593
2016-01-11,23.928236316038674
2016-01-12,27.3869083718738
2016-01-13,26.18772901016289
2016-01-14,30.378820996477
2016-01-15,24.56013108934919
2016-01-16,24.674089266800316
2016-01-17,25.330796284453005
2016-01-18,22.457032880186475
2016-01-19,25.82770220320136
2016-01-20,25.534431293816244
2016-01-21,27.526016568893557
2016-01-22,28.080273173318034
2016-01-23,31.31958710733851
2016-01-24,29.63748173880817
2016-01-25,26.751072580734927
2016-01-26,26.27510668342645
2016-01-27,29.221594268517325
2016-01-28,25.761827003362818
2016-01-29,32.228420240737215
2016-01-30,31.086218642600453
2016-01-31,27.94940419739036
2016-02-01,25.62044038033929
2016-02-02,31.911900821986322
2016-02-03,29.130972024877757
2016-02-04,31.989985755623117
2016-02-05,26.478162245322437
2016-02-06,28.619252688630453
2016-02-07,29.977754269044002
2016-02-08,30.20872988868074
2016-02-09,29.360336541450188
2016-02-10,31.650022873596765
2016-02-11,28.411054751584626
2016-02-12,30.4015872123802
2016-02-13,31.06502745175325
2016-02-14,31.98940534035417
2016-02-15,32.51781302669425
2016-02-16,28.977282039142008
2016-02-17,28.288212041487878
2016-02-18,34.03952387343687
2016-02-19,32.27434890092473
2016-02-20,30.236085011672515
2016-02-21,34.956452219884426
2016-02-22,32.20430777929347
2016-02-23,34.448050935695434
2016-02-24,32.33864784456698
2016-02-25,36.436886439837586
2016-02-26,35.93544721791055
2016-02-27,32.03377796669993
2016-02-28,34.579325958253484
2016-02-29,34.02892281444558
2016-03-01,35.57490269782273
2016-03-02,31.004716626135757
2016-03-03,34.40101997143931
2016-03-04,35.23752407313282
2016-03-05,29.692334491749257
2016-03-06,30.92979167119088
2016-03-07,29.30167377250616
2016-03-08,32.922466212964224
2016-03-09,34.97479738875827
2016-03-10,36.620130939984016
2016-03-11,33.8365618490688
2016-03-12,37.01579167056154
2016-03-13,31.06576095784164
2016-03-14,30.48380028424123
2016-03-15,33.84125286812582
2016-03-16,34.77942873660162
2016-03-17,34.00200988036036
2016-03-18,29.98575501843532
2016-03-19,33.992764472698624
2016-03-20,31.609544414046862
2016-03-21,35.60240980037617
2016-03-22,35.03793465971462
2016-03-23,32.463734851285146
2016-03-24,33.35159111620015
2016-03-25,32.29379505040142
2016-03-26,34.31682087439317
2016-03-27,36.37947460247426
2016-03-28,32.52179763841047
2016-03-29,35.52244724259133
2016-03-30,33.47198487565195
2016-03-31,32.96193935527422
2016-04-01,34.34584667745279
2016-04-02,32.49868194170863
2016-04-03,33.46816419617921
2016-04-04,32.18304137067264
2016-04-05,38.5086218744867
2016-04-06,34.647116121485155
2016-04-07,33.171602095021804
2016-04-08,34.99052831414259
2016-04-09,34.32648454055288
2016-04-10,34.09483670325696
2016-04-11,35.74781489972516
2016-04-12,36.01428093989444
2016-04-13,33.41513462123385
2016-04-14,33.29846902503433
2016-04-15,33.871078571987326
2016-04-16,29.785535500769477
2016-04-17,31.324323361244385
2016-04-18,37.05092670476201
2016-04-19,37.56674539330702
2016-04-20,33.73554372100896
2016-04-21,35.34072536001574
2016-04-22,34.76131377204139
2016-04-23,40.24500092729028
2016-04-24,36.272057044800086
2016-04-25,33.72000107763241
2016-04-26,32.00496541974131
2016-04-27,30.640665382731697
2016-04-28,34.19532017908354
2016-04-29,32.20787173572632
2016-04-30,30.80561462054001
2016-05-01,32.28391741860816
2016-05-02,31.338325273270325
2016-05-03,36.7975049676434
2016-05-04,35.10577008742954
2016-05-05,33.24330951155313
2016-05-06,36.13343026501915
2016-05-07,33.2401171297544
2016-05-08,31.27223106055292
2016-05-09,35.94807679236547
2016-05-10,33.884318638156465
2016-05-11,30.6343481050175
2016-05-12,32.2282087717382
2016-05-13,30.755431768550572
2016-05-14,29.63662064655729
2016-05-15,34.14793063592817
2016-05-16,36.00560241769988
2016-05-17,29.27870095343349
2016-05-18,33.088750742250916
2016-05-19,30.546448956526508
2016-05-20,30.75638787460595
2016-05-21,30.426775723613112
2016-05-22,29.762565593006002
2016-05-23,31.464671401848005
2016-05-24,29.58094576681121
2016-05-25,31.6571542838089
2016-05-26,30.88737630402646
2016-05-27,30.379826585310436
2016-05-28,28.910765300018564
2016-05-29,29.438861724269845
2016-05-30,31.96808293327085
2016-05-31,31.3224582854073
2016-06-01,28.22730764486065
2016-06-02,30.241391681945355
2016-06-03,31.40436932348221
2016-06-04,26.420256372841855
2016-06-05,30.701908228264827
2016-06-06,28.144755881803853
2016-06-07,30.46475692534253
2016-06-08,27.649384453479637
2016-06-09,25.417315450710618
2016-06-10,25.622052431531344
2016-06-11,28.822293020030095
2016-06-12,29.09352982568827
2016-06-13,26.612437159149458
2016-06-14,29.54431311028965
2016-06-15,24.78926662745425
2016-06-16,27.824495329985446
2016-06-17,25.378189405284456
2016-06-18,26.339384486701807
2016-06-19,27.58000649703078
2016-06-20,25.605902167367873
2016-06-21,26.398554768795975
2016-06-22,29.020655747814054
2016-06-23,25.694208230152444
2016-06-24,28.35886599865609
2016-06-25,24.267176361901715
2016-06-26,27.42497585400257
2016-06-27,29.08700203365043
2016-06-28,21.098843773403352
2016-06-29,24.28643181910436
2016-06-30,26.872328656632405
2016-07-01,25.1499791968009
2016-07-02,26.136221777855738
2016-07-03,24.02384522429704
2016-07-04,25.242957244900495
2016-07-05,24.596512755557914
2016-07-06,27.081699330984993
2016-07-07,25.093474188430452
2016-07-08,25.098615252933463
2016-07-09,23.43876429322925
2016-07-10,23.126795582656264
2016-07-11,23.076813494975593
2016-07-12,24.571238427500976
2016-07-13,22.781302140423705
2016-07-14,24.044340559394865
2016-07-15,27.457744894984756
2016-07-16,24.89202760205404
2016-07-17,22.341298008384243
2016-07-18,25.24012109233573
2016-07-19,21.866721061222
2016-07-20,18.452680520286023
2016-07-21,20.359742555919894
2016-07-22,18.482293031240964
2016-07-23,21.36983572461972
2016-07-24,21.959757106339453
2016-07-25,25.126971857985904
2016-07-26,22.280295159372102
2016-07-27,21.041795542686746
2016-07-28,22.99362331886203
2016-07-29,16.76866244689965
2016-07-30,21.51963403947849
2016-07-31,22.449003316687037
2016-08-01,17.81040937398257
2016-08-02,22.916884176255326
2016-08-03,21.169692333369497
2016-08-04,19.527019786791893
2016-08-05,21.489671108110812
2016-08-06,24.633663036565544
2016-08-07,20.32587998719226
2016-08-08,20.330200540351456
2016-08-09,18.78843220128625
2016-08-10,17.882683115112073
2016-08-11,21.120124500722845
2016-08-12,17.626268776091425
2016-08-13,19.36249383230345
2016-08-14,18.14695101169961
2016-08-15,19.945147382623006
2016-08-16,19.541488109502115
2016-08-17,20.838310751756183
2016-08-18,17.63439166142564
2016-08-19,18.0080300209273
2016-08-20,16.4858042931153
2016-08-21,17.452527351942358
2016-08-22,18.9957605724193
2016-08-23,19.65747868250356
2016-08-24,16.203840713818597
2016-08-25,19.694412377001882
2016-08-26,20.575895203150743
2016-08-27,18.603327819208307
2016-08-28,21.44433683092977
2016-08-29,16.05993102826223
2016-08-30,15.037468895878899
2016-08-31,13.89113822169233
2016-09-01,20.365025435885144
2016-09-02,18.60860927297276
2016-09-03,17.11825743188416
2016-09-04,17.721544345290553
2016-09-05,14.845463882156402
2016-09-06,21.925457658291492
2016-09-07,17.23260610335652
2016-09-08,17.135882367278853
2016-09-09,18.314293937417595
2016-09-10,17.773205000519113
2016-09-11,17.210156614654057
2016-09-12,15.13543528898766
2016-09-13,17.616126747967538
2016-09-14,20.396870823077105
2016-09-15,19.28613460666847
2016-09-16,19.746995423038157
2016-09-17,15.506386680847019
2016-09-18,14.520684853159157
2016-09-19,16.222289243345802
2016-09-20,16.56218430477757
2016-09-21,18.61890153730359
2016-09-22,13.028294838246959
2016-09-23,19.457959998986684
2016-09-24,16.07141571016788
2016-09-25,15.52518474909818
2016-09-26,14.349202231937964
2016-09-27,13.061115047614543
2016-09-28,18.017544012073493
2016-09-29,16.521173127503236
2016-09-30,13.800911613970513
2016-10-01,13.799935058510867
2016-10-02,15.730745581620834
2016-10-03,19.75554293818195
2016-10-04,15.916463085717147
2016-10-05,13.450464362682233
2016-10-06,15.989323910356323
2016-10-07,15.962373791565138
2016-10-08,11.144004619937533
2016-10-09,16.462085316090842
2016-10-10,16.14463651564278
2016-10-11,18.037674562105916
2016-10-12,20.384847487174596
2016-10-13,18.984646644038943
2016-10-14,16.241218067166134
2016-10-15,14.61630896400159
2016-10-16,22.029320229951168
2016-10-17,17.057139029305965
2016-10-18,17.025510317906832
2016-10-19,17.01118466282846
2016-10-20,17.52020564726428
2016-10-21,16.902718596733155
2016-10-22,16.11430369801027
2016-10-23,16.24086528172725
2016-10-24,17.344780582401654
2016-10-25,16.401870575879123
2016-10-26,16.14417030661932
2016-10-27,17.86655175886136
2016-10-28,17.230232100562805
2016-10-29,20.83731087773173
2016-10-30,12.619143331771552
2016-10-31,20.198450156548958
2016-11-01,20.604530802237225
2016-11-02,14.06504861990842
2016-11-03,17.628440755494523
2016-11-04,17.675412004350335
2016-11-05,15.710211077540214
2016-11-06,17.07897603474464
2016-11-07,16.525237427321578
2016-11-08,22.365084319279468
2016-11-09,20.84839827558716
2016-11-10,21.63896192114894
2016-11-11,20.660286043300843
2016-11-12,17.082175580599984
2016-11-13,18.41678923780059
2016-11-14,20.57230873949671
2016-11-15,17.279178159398356
2016-11-16,21.281413589828297
2016-11-17,19.50882153144706
2016-11-18,19.37592219657135
2016-11-19,21.68557375398419
2016-11-20,21.292231012622253
2016-11-21,19.823744659460058
2016-11-22,23.008192122319812
2016-11-23,18.673104643648934
2016-11-24,22.21460434428088
2016-11-25,22.318199781398754
2016-11-26,20.66388955846083
2016-11-27,22.087912912808026
2016-11-28,19.087721131846408
2016-11-29,23.593897964758305
2016-11-30,21.533486288592965
2016-12-01,21.01679845736213
2016-12-02,24.320680050515897
2016-12-03,20.975809909885978
2016-12-04,19.730783989868772
2016-12-05,19.598985727447857
2016-12-06,24.090083876568112
2016-12-07,20.484261402947705
2016-12-08,26.722954301532653
2016-12-09,19.21889575532583
2016-12-10,26.94615151481636
2016-12-11,24.1468059384641
2016-12-12,23.70387715933556
2016-12-13,22.980949579819214
2016-12-14,25.043447899898048
2016-12-15,24.34514901980924
2016-12-16,26.803070812871177
2016-12-17,25.001727637264576
2016-12-18,25.251388392882095
2016-12-19,24.401730576886084
2016-12-20,25.193841654125425
2016-12-21,26.102672095969336
2016-12-22,22.24657500804393
2016-12-23,23.15084143465591
2016-12-24,27.5144477390519
2016-12-25,26.550713901781528
2016-12-26,26.022385339920163
2016-12-27,26.608843598107587
2016-12-28,27.4489667384908
2016-12-29,25.85626452315381
2016-12-30,25.56125698763701
2016-12-31,27.69169051019538
2017-01-01,25.525388006328274
2017-01-02,28.480721627656386
2017-01-03,24.441029463756834
2017-01-04,30.086335542674497
2017-01-05,29.154842952200557
2017-01-06,28.90307644310208
2017-01-07,30.537462416884566
2017-01-08,32.083736610057805
2017-01-09,30.961828336679073
2017-01-10,25.43118297915148
2017-01-11,26.733113164961047
2017-01-12,28.221407843294838
2017-01-13,29.701397230463318
2017-01-14,30.86204570099774
2017-01-15,28.55204532485494
2017-01-16,30.55311510429521
2017-01-17,28.844058464099437
2017-01-18,29.306176640579
2017-01-19,27.889374423227203
2017-01-20,29.02876250371932
2017-01-21,28.343392010531034
2017-01-22,29.265498922952066
2017-01-23,33.49391765565175
2017-01-24,29.656082114395836
2017-01-25,36.98670015579794
2017-01-26,32.87439172726609
2017-01-27,32.42196566479385
2017-01-28,30.49878714866607
2017-01-29,33.77795815997587
2017-01-30,31.38647984912422
2017-01-31,32.94072906781176
2017-02-01,37.97432515019308
2017-02-02,32.81793191593369
2017-02-03,35.46289978424754
2017-02-04,31.910664712659386
2017-02-05,33.39802575354407
2017-02-06,37.15886814087867
2017-02-07,32.51083458557572
2017-02-08,37.535364600402524
2017-02-09,35.469826879812736
2017-02-10,33.071362058561284
2017-02-11,35.601161660533826
2017-02-12,36.419545087582904
2017-02-13,35.85414759667107
2017-02-14,31.60413383073556
2017-02-15,33.42229187116801
2017-02-16,34.51140311185611
2017-02-17,34.98530337143976
2017-02-18,36.50106507206691
2017-02-19,35.73846008665213
2017-02-20,32.83345955141918
2017-02-21,36.38335421271968
2017-02-22,36.96062805813542
2017-02-23,36.97319177760884
2017-02-24,38.126952041182854
2017-02-25,37.74260984212195
2017-02-26,37.10006642211495
2017-02-27,36.14585263342748
2017-02-28,33.0662490482433
2017-03-01,37.34687602102319
2017-03-02,36.99993892162219
2017-03-03,37.22207472583318
2017-03-04,34.21717794779301
2017-03-05,34.69770038377896
2017-03-06,39.05261440318823
2017-03-07,36.95102782031305
2017-03-08,38.47428127659858
2017-03-09,37.246349629427264
2017-03-10,37.32492911478345
2017-03-11,39.21493990018125
2017-03-12,36.3764711229842
2017-03-13,37.668205428153385
2017-03-14,36.61601458554145
2017-03-15,36.73335581105443
2017-03-16,37.042953591785725
2017-03-17,38.16166691981597
2017-03-18,36.81314197518812
2017-03-19,40.33251680287124
2017-03-20,36.079268810617556
2017-03-21,37.53932141439337
2017-03-22,37.075276050972576
2017-03-23,40.88745019264733
2017-03-24,38.42243450389668
2017-03-25,40.1259111731166
2017-03-26,35.12105832286557
2017-03-27,38.65329049321031
2017-03-28,39.922511322328425
2017-03-29,38.32892219010649
2017-03-30,40.313460862527535
2017-03-31,37.163108119598164
2017-04-01,41.028602277733064
2017-04-02,42.81696283378587
2017-04-03,37.499785685994254
2017-04-04,37.33779211304879
2017-04-05,41.135940562889324
2017-04-06,41.38573330900312
2017-04-07,37.17533305670044
2017-04-08,37.37219485848243
2017-04-09,37.63757142221353
2017-04-10,35.49787488025485
2017-04-11,36.332177606669916
2017-04-12,36.14098398629569
2017-04-13,36.59054178624664
2017-04-14,38.03073573155012
2017-04-15,38.53961143136366
2017-04-16,41.14037881586879
2017-04-17,36.007997404163916
2017-04-18,39.93582296682614
2017-04-19,37.498832277853445
2017-04-20,37.784688380816846
2017-04-21,39.18725041823741
2017-04-22,35.54336941982972
2017-04-23,38.5020588027479
2017-04-24,38.01581163835704
2017-04-25,38.610738788610234
2017-04-26,38.14438358875781
2017-04-27,42.414158303068625
2017-04-28,36.16291293884646
2017-04-29,36.3085793162913
2017-04-30,36.05384098688583
2017-05-01,36.116108948772705
2017-05-02,35.87664702588608
2017-05-03,39.45125475971338
2017-05-04,39.83349906951034
2017-05-05,35.767762206687415
2017-05-06,35.158830841030635
2017-05-07,37.678211627231974
2017-05-08,35.5403533746475
2017-05-09,37.81769227333719
2017-05-10,36.862344592489755
2017-05-11,33.32735218367595
2017-05-12,39.35389653056555
2017-05-13,39.74842362151113
2017-05-14,34.826642727517196
2017-05-15,35.170172420992905
2017-05-16,36.40849991820943
2017-05-17,36.394749681045845
2017-05-18,36.92990081421545
2017-05-19,39.518143172302864
2017-05-20,35.026744187147244
2017-05-21,33.66496908301396
2017-05-22,32.3819086763366
2017-05-23,33.5557680660745
2017-05-24,34.82659205388569
2017-05-25,38.35535635928482
2017-05-26,33.60262992485237
2017-05-27,34.955298582321035
2017-05-28,34.34304683195628
2017-05-29,36.6191909323027
2017-05-30,39.16116533336657
2017-05-31,32.90888636431789
2017-06-01,32.85353924942132
2017-06-02,35.781048825225064
2017-06-03,34.91537805599126
2017-06-04,37.10248158655666
2017-06-05,34.43304421415688
2017-06-06,32.40141921812142
2017-06-07,34.15486924954083
2017-06-08,35.04330992773049
2017-06-09,34.318044014434385
2017-06-10,33.541685369512265
2017-06-11,34.50947250588564
2017-06-12,34.56267600313666
2017-06-13,34.835388391433334
2017-06-14,33.21454796791419
2017-06-15,31.428070591358463
2017-06-16,31.900082300146728
2017-06-17,33.86323973782607
2017-06-18,29.659185360331655
2017-06-19,31.872555772143773
2017-06-20,30.190051273281053
2017-06-21,30.875155503125256
2017-06-22,33.214973854599776
2017-06-23,30.880190105238565
2017-06-24,30.430354870838123
2017-06-25,27.456877789257113
2017-06-26,31.507874630226446
2017-06-27,31.144833154616798
2017-06-28,34.01864222026884
2017-06-29,28.914665860139316
2017-06-30,29.80648505759922
2017-07-01,29.70483733630842
2017-07-02,32.198836590640056
2017-07-03,28.691224532954763
2017-07-04,29.27782072149539
2017-07-05,29.773660245775172
2017-07-06,28.769353453978084
2017-07-07,27.34176527272695
2017-07-08,28.461589914579672
2017-07-09,30.05978172519373
2017-07-10,25.69897743197913
2017-07-11,27.857869218908586
2017-07-12,26.03209251286604
2017-07-13,29.66336435991392
2017-07-14,24.068417036034493
2017-07-15,25.839099603150707
2017-07-16,27.554201945319697
2017-07-17,29.77439313118861
2017-07-18,26.356192725861867
2017-07-19,25.222472753878712
2017-07-20,29.9412437295229
2017-07-21,23.1298873769222
2017-07-22,21.476264960052497
2017-07-23,26.602891592809023
2017-07-24,24.568811899255135
2017-07-25,23.381631599173915
2017-07-26,26.693153306442504
2017-07-27,25.617598027846878
2017-07-28,23.85665489502158
2017-07-29,22.280324267573615
2017-07-30,26.44331957982165
2017-07-31,25.857675284830425
2017-08-01,24.219230137983487
2017-08-02,27.972650081936816
2017-08-03,22.002529985728383
2017-08-04,20.956545272744005
2017-08-05,22.49029123613574
2017-08-06,23.651105288245756
2017-08-07,24.09882637572066
2017-08-08,23.001287252038125
2017-08-09,24.061264793395328
2017-08-10,20.729293005660786
2017-08-11,25.996982075780878
2017-08-12,22.824134071124007
2017-08-13,25.103953021040923
2017-08-14,23.437716597985258
2017-08-15,23.550694169437804
2017-08-16,23.66369845939264
2017-08-17,23.308647983275026
2017-08-18,23.589869978870237
2017-08-19,24.856084951778904
2017-08-20,22.48637406408286
2017-08-21,23.409121387271608
2017-08-22,21.71168819775513
2017-08-23,24.673735880111792
2017-08-24,20.34538675805532
2017-08-25,25.207081402612207
2017-08-26,21.434303584252156
2017-08-27,18.56490780852481
2017-08-28,21.596954035635218
2017-08-29,19.8954061115196
2017-08-30,22.858065400479173
2017-08-31,19.793330760896104
2017-09-01,20.130569946477227
2017-09-02,17.170796498373583
2017-09-03,19.974814135206916
2017-09-04,15.963848439393004
2017-09-05,17.578636329781716
2017-09-06,22.204783011346425
2017-09-07,22.195764056707727
2017-09-08,21.418007901638997
2017-09-09,18.578808403361784
2017-09-10,20.36576382476173
2017-09-11,20.405183487914663
2017-09-12,18.049654821493206
2017-09-13,23.32998663722984
2017-09-14,22.037546411278377
2017-09-15,19.80336616669919
2017-09-16,20.264393847748423
2017-09-17,20.595583649604492
2017-09-18,16.06642475682774
2017-09-19,19.629508318503913
2017-09-20,18.736765984204578
2017-09-21,18.07727848057186
2017-09-22,19.50102351190469
2017-09-23,23.644232413764502
2017-09-24,21.319117229859877
2017-09-25,18.88658890942743
2017-09-26,21.16857654517062
2017-09-27,22.819539264518085
2017-09-28,21.8704702099752
2017-09-29,20.143797932966777
2017-09-30,18.736959858041473
2017-10-01,21.43653922986528
2017-10-02,20.839285751044592
2017-10-03,21.857886327658633
2017-10-04,21.355989391808293
2017-10-05,22.205855699557112
2017-10-06,19.060339615407074
2017-10-07,22.792609062329134
2017-10-08,20.582977115205473
2017-10-09,24.371196794377
2017-10-10,18.878129939881006
2017-10-11,23.767189438809577
2017-10-12,20.7327568642092
2017-10-13,19.078680577714533
2017-10-14,19.46122378016715
2017-10-15,19.838666165096285
2017-10-16,21.380932516255285
2017-10-17,21.634373137347996
2017-10-18,19.500251726203786
2017-10-19,20.660725652526498
2017-10-20,25.0585768429523
2017-10-21,24.296525760782462
2017-10-22,21.784275051118804
2017-10-23,21.060590120544433
2017-10-24,21.300349776270178
2017-10-25,22.365756063607495
2017-10-26,19.174276741576822
2017-10-27,20.78893822863087
2017-10-28,18.05301838764933
2017-10-29,22.277771145776914
2017-10-30,22.865474827963034
2017-10-31,20.69906352810528
2017-11-01,24.910333943822035
2017-11-02,19.41029775872003
2017-11-03,19.03506618323559
2017-11-04,22.517197373461872
2017-11-05,24.269431072200152
2017-11-06,25.652464792842107
2017-11-07,21.47862059251535
2017-11-08,24.667905099294817
2017-11-09,22.55002455029082
2017-11-10,22.400597131278968
2017-11-11,24.63426179018773
2017-11-12,24.29492487986129
2017-11-13,19.963045456391644
2017-11-14,26.196640316492665
2017-11-15,26.13361648547715
2017-11-16,22.25429132646446
2017-11-17,24.431079394638132
2017-11-18,24.76362418423603
2017-11-19,24.435001349225033
2017-11-20,22.953094081959346
2017-11-21,22.852430255222117
2017-11-22,24.28842437360843
2017-11-23,26.830689337367453
2017-11-24,25.71993343958121
2017-11-25,24.040768601289784
2017-11-26,26.476379858385517
2017-11-27,19.38856162706365
2017-11-28,27.537479685361205
2017-11-29,21.91641636878829
2017-11-30,24.828408678672673
2017-12-01,23.472904709147915
2017-12-02,23.28329864740028
2017-12-03,28.356150865728534
2017-12-04,25.262304179972105
2017-12-05,27.05525183795711
2017-12-06,26.434222816118485
2017-12-07,27.649201762386493
2017-12-08,27.017009719684417
2017-12-09,24.4667701227161
2017-12-10,29.195772417130563
2017-12-11,26.387257837736236
2017-12-12,24.434139585756842
2017-12-13,26.86455743150527
2017-12-14,30.896695252462546
2017-12-15,29.770861908885937
2017-12-16,27.549162780022417
2017-12-17,27.724756931303638
2017-12-18,27.95751476752357
2017-12-19,32.932450968435475
2017-12-20,29.721603806030647
2017-12-21,29.997151852567374
2017-12-22,31.377478701420877
2017-12-23,29.97479059692038
2017-12-24,29.159835259365064
2017-12-25,29.466283327355686
2017-12-26,29.89714949379739
2017-12-27,30.1475312589571
2017-12-28,31.859062415041432
2017-12-29,30.689675655387145
2017-12-30,32.23314659287281
2017-12-31,30.78856683978283
2018-01-01,31.289403942190514
2018-01-02,27.317814747163222
2018-01-03,33.32885202163748
2018-01-04,32.37100121981919
2018-01-05,33.85566820709377
2018-01-06,26.248506218086966
2018-01-07,36.39882985855497
2018-01-08,32.12360846482228
2018-01-09,34.79945384011783
2018-01-10,30.683119587563688
2018-01-11,34.16781490855756
2018-01-12,31.014213872338882
2018-01-13,32.051677208650034
2018-01-14,37.30479036779306
2018-01-15,33.2721681496352
2018-01-16,34.264447321700516
2018-01-17,35.74495979018361
2018-01-18,35.17057602250807
2018-01-19,34.6535344272108
2018-01-20,35.25515100087357
2018-01-21,39.50359239224025
2018-01-22,34.752007834839546
2018-01-23,35.43883215586602
2018-01-24,37.30618868407496
2018-01-25,37.58298789203914
2018-01-26,37.91181653662507
2018-01-27,36.97975386146246
2018-01-28,33.57949288356753
2018-01-29,39.29420146576006
2018-01-30,33.895064715562405
2018-01-31,36.95198036899911
2018-02-01,34.995604373616786
2018-02-02,36.531775022197
2018-02-03,37.471877952283144
2018-02-04,37.60973199381171
2018-02-05,37.961844243008564
2018-02-06,40.494689407724934
2018-02-07,38.32183730417922
2018-02-08,37.07215421382738
2018-02-09,39.632497345478484
2018-02-10,40.22523658819909
2018-02-11,35.53113055214879
2018-02-12,39.319236328029156
2018-02-13,39.662873156858446
2018-02-14,37.799456263796486
2018-02-15,41.27797984944098
2018-02-16,38.35632920889407
2018-02-17,39.03532313658295
2018-02-18,38.56357722839782
2018-02-19,39.064216179948545
2018-02-20,36.961598095048956
2018-02-21,36.39285674551916
2018-02-22,42.57846669401771
2018-02-23,37.809688185110105
2018-02-24,37.632605891160985
2018-02-25,35.417985305816714
2018-02-26,38.55378276827908
2018-02-27,37.29000446952979
2018-02-28,43.322201235548015
2018-03-01,42.15727376144329
2018-03-02,38.85826285694051
2018-03-03,44.833788662131035
2018-03-04,42.38420607341683
2018-03-05,39.86015069757824
2018-03-06,35.59749726677529
2018-03-07,45.26202327320784
2018-03-08,37.98213494832614
2018-03-09,37.548915383252556
2018-03-10,42.96055769981124
2018-03-11,45.867877100907805
2018-03-12,43.82710621643999
2018-03-13,42.25378211437614
2018-03-14,42.3800738462821
2018-03-15,42.95917938347967
2018-03-16,42.82915501829654
2018-03-17,41.9297822244873
2018-03-18,41.629041426418816
2018-03-19,41.34581829592516
2018-03-20,40.01055423732321
2018-03-21,41.00171454898254
2018-03-22,38.21882453913015
2018-03-23,41.446815170350355
2018-03-24,39.702142736571695
2018-03-25,39.505043459747775
2018-03-26,42.10196737124648
2018-03-27,44.553194534160994
2018-03-28,43.62988294308619
2018-03-29,38.673353004309284
2018-03-30,39.85324383925616
2018-03-31,43.72922739577534
2018-04-01,39.89493261028528
2018-04-02,41.41990028655333
2018-04-03,42.97556700492268
2018-04-04,39.94210824612306
2018-04-05,42.08992262094584
2018-04-06,39.208538027705295
2018-04-07,40.668317823104545
2018-04-08,42.502132360959216
2018-04-09,38.6651531728712
2018-04-10,42.71772537824421
2018-04-11,41.780205901784946
2018-04-12,42.90424542863412
2018-04-13,42.22396518458422
2018-04-14,44.47838636627137
2018-04-15,41.97163097158643
2018-04-16,40.83056674799014
2018-04-17,41.89930049170605
2018-04-18,42.70377422794575
2018-04-19,41.67453010695587
2018-04-20,41.61479918252949
2018-04-21,40.08362805829069
2018-04-22,40.113011627852416
2018-04-23,38.58202876678041
2018-04-24,44.832060708304816
2018-04-25,38.78810978981138
2018-04-26,39.830235905350364
2018-04-27,39.71674349210846
2018-04-28,42.87824166123797
2018-04-29,40.43067386971088
2018-04-30,43.44560618508283
2018-05-01,39.53008193860549
2018-05-02,41.35940960494671
2018-05-03,39.05252759097875
2018-05-04,44.932788829077424
2018-05-05,38.18405795612735
2018-05-06,41.093183407693154
2018-05-07,41.652934276323364
2018-05-08,41.122397658112455
2018-05-09,39.831253320070736
2018-05-10,39.846857151320286
2018-05-11,40.09646335762862
2018-05-12,39.614882124648446
2018-05-13,41.73442650890991
2018-05-14,44.12326611166867
2018-05-15,38.48059197084922
2018-05-16,36.74716317760146
2018-05-17,39.19927200436927
2018-05-18,44.42223094417841
2018-05-19,37.540384958830714
2018-05-20,42.30887225302348
2018-05-21,42.266965200243746
2018-05-22,37.68337064894967
2018-05-23,39.80559430432889
2018-05-24,41.79963924589035
2018-05-25,37.65798515027425
2018-05-26,37.880691802720015
2018-05-27,36.99436085114597
2018-05-28,35.99637916271605
2018-05-29,36.59384929527452
2018-05-30,35.30941994809485
2018-05-31,37.68879084667698
2018-06-01,35.942471672340474
2018-06-02,37.810298894668406
2018-06-03,34.089803784331366
2018-06-04,37.720827399513524
2018-06-05,38.58224576672282
2018-06-06,32.78253211455266
2018-06-07,37.37167272785136
2018-06-08,38.931240751511254
2018-06-09,33.90779761465725
2018-06-10,39.5222820809731
2018-06-11,36.86416114543941
2018-06-12,34.46406111072848
2018-06-13,35.609532254042854
2018-06-14,36.68378201777835
2018-06-15,35.56431753481699
2018-06-16,36.334166912172826
2018-06-17,33.258874618650644
2018-06-18,35.28177835037827
2018-06-19,31.957780160587994
2018-06-20,34.404276775238365
2018-06-21,32.65985057432604
2018-06-22,32.83701024420564
2018-06-23,36.62017831961964
2018-06-24,36.17010201571437
2018-06-25,35.044866313031285
2018-06-26,31.48074196882683
2018-06-27,32.871047892945036
2018-06-28,35.768328173616304
2018-06-29,33.463656157325126
2018-06-30,37.656843482234734
2018-07-01,33.64270564767565
2018-07-02,33.07802826409321
2018-07-03,31.913582669323663
2018-07-04,32.63685947951926
2018-07-05,31.902927553580994
2018-07-06,33.462352561042565
2018-07-07,33.7980371354172
2018-07-08,30.151431007767187
2018-07-09,28.900052318358668
2018-07-10,27.72959728459466
2018-07-11,32.25791252443993
2018-07-12,28.875600930396647
2018-07-13,26.61748991615929
2018-07-14,31.541948054663955
2018-07-15,35.592942332559446
2018-07-16,30.43763637211089
2018-07-17,31.970326621623215
2018-07-18,30.301351965102974
2018-07-19,29.78509250088283
2018-07-20,31.66708255661729
2018-07-21,29.095366089377386
2018-07-22,30.05866150143647
2018-07-23,30.016258305094354
2018-07-24,27.886739440674262
2018-07-25,31.058181932508383
2018-07-26,28.57652089845298
2018-07-27,27.26850628131879
2018-07-28,29.70783184363588
2018-07-29,26.69399710133333
2018-07-30,28.404767237999618
2018-07-31,28.1890349356247
2018-08-01,30.239372997205408
2018-08-02,28.878772555601397
2018-08-03,27.7426456008904
2018-08-04,29.293128212994056
2018-08-05,30.304522473932895
2018-08-06,28.507897933660484
2018-08-07,27.282852716762036
2018-08-08,24.510086903050464
2018-08-09,24.87692667421599
2018-08-10,26.271922445332315
2018-08-11,25.54042846331582
2018-08-12,26.264493821938252
2018-08-13,26.632661207658913
2018-08-14,27.461651413943308
2018-08-15,26.146190175012027
2018-08-16,27.147167186580646
2018-08-17,26.19217969286064
2018-08-18,22.00349132642738
2018-08-19,23.969109103876555
2018-08-20,25.45515661323669
2018-08-21,23.221724386412347
2018-08-22,26.741017046322014
2018-08-23,28.50500311390024
2018-08-24,27.785695065568497
2018-08-25,24.828314794930137
2018-08-26,28.146071759240744
2018-08-27,25.373792927165155
2018-08-28,24.31657326357756
2018-08-29,23.68070409938748
2018-08-30,24.221838929525493
2018-08-31,23.972225082418426
2018-09-01,25.01376925765776
2018-09-02,24.921025922364375
2018-09-03,24.535518814011898
2018-09-04,25.335483432143622
2018-09-05,26.77773452632585
2018-09-06,26.23306196994048
2018-09-07,21.30436780250627
2018-09-08,19.10925050826516
2018-09-09,26.031400512098756
2018-09-10,21.377429140214854
2018-09-11,23.612857762310433
2018-09-12,21.676158147759562
2018-09-13,20.36922915853551
2018-09-14,25.01574728653661
2018-09-15,25.41360483496382
2018-09-16,22.70760136830592
2018-09-17,18.646733449419557
2018-09-18,22.70740559717136
2018-09-19,24.5574710943502
2018-09-20,20.79291134265192
2018-09-21,24.097238339920015
2018-09-22,23.68260439933061
2018-09-23,24.857442359267626
2018-09-24,23.92659224415417
2018-09-25,21.732809007229914
2018-09-26,26.066553985787284
2018-09-27,23.35376924529214
2018-09-28,23.616593765129796
2018-09-29,21.808001274980036
2018-09-30,22.7942689110696
2018-10-01,21.920487174584295
2018-10-02,23.35642286035425
2018-10-03,27.140916847887855
2018-10-04,20.991843502581645
2018-10-05,20.529627473164965
2018-10-06,26.723150693515425
2018-10-07,23.389173576756747
2018-10-08,22.49963242850084
2018-10-09,25.95048442391862
2018-10-10,22.695274496586407
2018-10-11,27.59728125957295
2018-10-12,25.34278703996244
2018-10-13,23.055693768652027
2018-10-14,28.393611874806798
2018-10-15,22.917930935478253
2018-10-16,25.66679136747006
2018-10-17,24.837287322089978
2018-10-18,26.901134312878526
2018-10-19,27.482457230502174
2018-10-20,24.488044423860103
2018-10-21,22.98460367988867
2018-10-22,25.481571997648974
2018-10-23,23.27915242470382
2018-10-24,28.737061617886887
2018-10-25,25.061790780312133
2018-10-26,24.13921876934943
2018-10-27,25.32305191520738
2018-10-28,22.345933956345128
2018-10-29,23.186096823545046
2018-10-30,27.621910764446408
2018-10-31,24.001647894761238
2018-11-01,23.31853845187807
2018-11-02,26.585134589779283
2018-11-03,27.985224252981215
2018-11-04,27.156200357672038
2018-11-05,27.817329838587494
2018-11-06,24.421019232787465
2018-11-07,23.20276778476955
2018-11-08,29.163210736343196
2018-11-09,25.631681811607937
2018-11-10,25.894185698250517
2018-11-11,29.1733301989125
2018-11-12,27.752739141835743
2018-11-13,27.677605314523365
2018-11-14,31.223564306843045
2018-11-15,25.736397316421957
2018-11-16,29.01109698564599
2018-11-17,27.403498577557503
2018-11-18,27.96274836939704
2018-11-19,30.620590670402283
2018-11-20,28.71937590222945
2018-11-21,28.92226914919749
2018-11-22,30.134547190210917
2018-11-23,27.405325839762952
2018-11-24,26.60431379571434
2018-11-25,26.342378877419932
2018-11-26,24.65026925833679
2018-11-27,32.84806112820444
2018-11-28,26.683531553173655
2018-11-29,28.60333667917294
2018-11-30,28.649663961701123
2018-12-01,29.977057894018436
2018-12-02,31.15413602392068
2018-12-03,31.40544426769098
2018-12-04,28.681551705457977
2018-12-05,29.678000646922857
2018-12-06,30.74322387485345
2018-12-07,29.847737855573154
2018-12-08,33.72805708960392
2018-12-09,31.664704474369778
2018-12-10,32.32299435033592
2018-12-11,32.35053354139368
2018-12-12,33.54425109804702
2018-12-13,31.732830870844506
2018-12-14,28.951511775282228
2018-12-15,32.519794328164195
2018-12-16,30.593753261254474
2018-12-17,31.01603897644098
2018-12-18,33.42351290746852
2018-12-19,34.905521144181066
2018-12-20,32.6502760550397
2018-12-21,33.404734583383124
2018-12-22,36.371341682627666
2018-12-23,33.62871863784448
2018-12-24,38.53128577936726
2018-12-25,34.640002316788724
2018-12-26,30.168826494313883
2018-12-27,35.378658974185846
2018-12-28,34.81612009753302
2018-12-29,36.815289391937995
2018-12-30,35.76422914098156
2018-12-31,34.32308803203248
2019-01-01,32.333537088979604
2019-01-02,34.54616960165539
2019-01-03,33.44515576381395
2019-01-04,34.166977368413725
2019-01-05,36.68680479621568
2019-01-06,39.03082598317712
2019-01-07,36.66142350863948
2019-01-08,33.6610215970623
2019-01-09,37.122293543083074
2019-01-10,38.806194415106084
2019-01-11,35.37270128979368
2019-01-12,36.50301066534031
2019-01-13,36.97859151950004
2019-01-14,35.55693103389504
2019-01-15,38.60009381884957
2019-01-16,37.237685278125504
2019-01-17,38.49388921662011
2019-01-18,36.054227890958686
2019-01-19,37.127780016276816
2019-01-20,39.61999171159666
2019-01-21,37.60109491758016
2019-01-22,41.97117313137356
2019-01-23,37.887361691206834
2019-01-24,39.304249343563505
2019-01-25,40.88711768986935
2019-01-26,36.35102445963824
2019-01-27,35.830675793442545
2019-01-28,36.464190079888304
2019-01-29,42.202506608012236
2019-01-30,38.73403920981489
2019-01-31,45.11310800985751
2019-02-01,39.02566087634072
2019-02-02,40.67915432177709
2019-02-03,43.54857303681194
2019-02-04,44.62920333922941
2019-02-05,44.89100988781081
2019-02-06,43.333999330793894
2019-02-07,43.11289375277419
2019-02-08,42.39552138281101
2019-02-09,42.91104516123504
2019-02-10,40.39392417769276
2019-02-11,39.999948415578146
2019-02-12,41.767687273507526
2019-02-13,41.57015842718681
2019-02-14,41.13812717186189
2019-02-15,43.56934111773117
2019-02-16,44.21705080010016
2019-02-17,42.61098400222353
2019-02-18,45.514781039076084
2019-02-19,40.399679856518595
2019-02-20,42.41682935027994
2019-02-21,41.48931386950215
2019-02-22,39.30638333342163
2019-02-23,42.98824951006136
2019-02-24,43.021895573307056
2019-02-25,46.401665019508386
2019-02-26,44.74332963276764
2019-02-27,41.537810407686365
2019-02-28,47.39635604794365
2019-03-01,46.22970697380873
2019-03-02,45.04875895423319
2019-03-03,43.525948853742754
2019-03-04,42.151796625986684
2019-03-05,43.41539991245337
2019-03-06,46.42380593593081
2019-03-07,48.09931073989557
2019-03-08,47.49776693839771
2019-03-09,43.51201403359379
2019-03-10,42.32618196921395
2019-03-11,44.92014478205164
2019-03-12,41.171681848293254
2019-03-13,45.42229930264097
2019-03-14,44.5453599903542
2019-03-15,43.97027526218258
2019-03-16,41.771891704189414
2019-03-17,46.04459958968797
2019-03-18,44.005237539191256
2019-03-19,42.78117088030362
2019-03-20,39.42395898849327
2019-03-21,45.15803489261482
2019-03-22,48.7992413608604
2019-03-23,48.616012853035606
2019-03-24,44.41513243770098
2019-03-25,44.15779797345576
2019-03-26,46.329727581089564
2019-03-27,43.42241908309521
2019-03-28,46.046833530720484
2019-03-29,46.99651476832503
2019-03-30,47.93636656016545
2019-03-31,45.297376866839
2019-04-01,45.10255989700797
2019-04-02,43.763201413034245
2019-04-03,43.871702098793854
2019-04-04,45.075839372047284
2019-04-05,46.263902622286274
2019-04-06,47.3537582700082
2019-04-07,43.91469520964629
2019-04-08,48.497945630593186
2019-04-09,44.95889343784941
2019-04-10,45.444041313626535
2019-04-11,43.97505814134266
2019-04-12,40.60078499925394
2019-04-13,47.19422770917701
2019-04-14,46.87379330050855
2019-04-15,44.80852685205419
2019-04-16,45.47335926469039
2019-04-17,46.33658392104969
2019-04-18,42.14208645609988
2019-04-19,44.168704611611865
2019-04-20,46.772145159365365
2019-04-21,42.62903258756572
2019-04-22,45.67592932728757
2019-04-23,42.324075701132976
2019-04-24,45.915767186798
2019-04-25,44.85455329599897
2019-04-26,41.63578266913115
2019-04-27,47.133036732161194
2019-04-28,43.269209753752996
2019-04-29,43.05006835226619
2019-04-30,45.00126043419725
2019-05-01,46.82433788595064
2019-05-02,42.41977764254233
2019-05-03,44.49658139719421
2019-05-04,45.15012357419178
2019-05-05,45.59546600871266
2019-05-06,44.47642509779355
2019-05-07,43.301324836292544
2019-05-08,42.289619021912024
2019-05-09,44.0241164039189
2019-05-10,41.61222052681595
2019-05-11,37.81613944668119
2019-05-12,44.432005736220766
2019-05-13,45.26453795749248
2019-05-14,38.62635523740229
2019-05-15,41.226114131444994
2019-05-16,44.37507765877003
2019-05-17,47.140827040495175
2019-05-18,42.954399684220625
2019-05-19,41.3417282123119
2019-05-20,42.31484575992566
2019-05-21,45.311316410387235
2019-05-22,41.14861877411658
2019-05-23,40.71924413265783
2019-05-24,41.22735895526924
2019-05-25,40.1595834157318
2019-05-26,42.183193154914306
2019-05-27,45.05707959598238
2019-05-28,42.32205117033381
2019-05-29,41.03769738115396
2019-05-30,40.82367794378827
2019-05-31,38.14424229276521
2019-06-01,42.89863768875212
2019-06-02,40.83705267706131
2019-06-03,40.49063524955737
2019-06-04,47.09528207077433
2019-06-05,41.16269366023631
2019-06-06,38.91642129950517
2019-06-07,39.42084439574513
2019-06-08,42.42279418495818
2019-06-09,40.20362047311523
2019-06-10,36.950581350662965
2019-06-11,41.514580995857735
2019-06-12,38.187796651167346
2019-06-13,43.11766596179336
2019-06-14,41.3772243241642
2019-06-15,38.167662960674676
2019-06-16,41.46868765075031
2019-06-17,38.88593282586415
2019-06-18,40.29860405255059
2019-06-19,39.4046747889869
2019-06-20,36.584015587954056
2019-06-21,36.83056619262071
2019-06-22,40.0179917645475
2019-06-23,37.128441304985685
2019-06-24,36.83018484804184
2019-06-25,35.56634491251823
2019-06-26,38.16256562935895
2019-06-27,41.27891463082092
2019-06-28,34.85706694514936
2019-06-29,36.87866124339083
2019-06-30,39.492625513102205
2019-07-01,36.34678718639548
2019-07-02,37.24867362361261
2019-07-03,34.05702854143491
2019-07-04,36.87639186437004
2019-07-05,35.483578696332984
2019-07-06,37.66759519902507
2019-07-07,37.90940460495754
2019-07-08,40.552537212820276
2019-07-09,36.371784571901344
2019-07-10,35.70360066396563
2019-07-11,35.28069847376951
2019-07-12,34.02600155712305
2019-07-13,35.25023878898764
2019-07-14,33.82398802532397
2019-07-15,34.59386525023314
2019-07-16,36.73497326640656
2019-07-17,31.930259942160646
2019-07-18,36.067450370265945
2019-07-19,36.267101941944844
2019-07-20,33.242792536659564
2019-07-21,29.08220537973754
2019-07-22,31.95823289910379
2019-07-23,35.616851785824544
2019-07-24,32.82718422336259
2019-07-25,30.725492768845523
2019-07-26,31.566890569387372
2019-07-27,34.11123665331359
2019-07-28,33.3782792928978
2019-07-29,31.663068866576054
2019-07-30,31.264756099631988
2019-07-31,31.073756630825432
2019-08-01,29.872761496545255
2019-08-02,34.81012746878038
2019-08-03,30.798058579957978
2019-08-04,33.741912656244516
2019-08-05,34.21673947974313
2019-08-06,33.03889911725271
2019-08-07,30.04890685163918
2019-08-08,31.591219548423975
2019-08-09,30.608762787584908
2019-08-10,28.72496813258139
2019-08-11,31.058171431077568
2019-08-12,27.93035684558958
2019-08-13,32.5447201347878
2019-08-14,29.123031310633035
2019-08-15,30.339507042875923
2019-08-16,30.390739642020492
2019-08-17,29.195420915832248
2019-08-18,30.777812062085673
2019-08-19,28.547972578268993
2019-08-20,31.13592631959444
2019-08-21,26.599154511601085
2019-08-22,29.44391874542241
2019-08-23,32.97135944732944
2019-08-24,26.99750871296269
2019-08-25,27.549710595740848
2019-08-26,29.842435184858676
2019-08-27,29.08562157664011
2019-08-28,29.34200540436076
2019-08-29,29.535883686764713
2019-08-30,29.74622123962526
2019-08-31,30.61797840341335
2019-09-01,29.142574126763808
2019-09-02,27.76736265102756
2019-09-03,29.524574176110537
2019-09-04,31.911370962441353
2019-09-05,27.781174483988003
2019-09-06,26.03489508971657
2019-09-07,30.13832507798001
2019-09-08,27.626330450161888
2019-09-09,23.46742159759214
2019-09-10,29.456029891346518
2019-09-11,26.641732194187956
2019-09-12,27.485317635269976
2019-09-13,28.28715069483357
2019-09-14,27.96382118968518
2019-09-15,28.96419814863659
2019-09-16,26.639649428619663
2019-09-17,28.50502963006156
2019-09-18,26.930801138508485
2019-09-19,28.90148404532011
2019-09-20,28.631469448226287
2019-09-21,25.50964109627251
2019-09-22,29.535188330026667
2019-09-23,26.276932469837366
2019-09-24,28.953547103888145
2019-09-25,28.06352151579571
2019-09-26,30.999778336048543
2019-09-27,26.87389642660237
2019-09-28,26.622569251913273
2019-09-29,27.285697981350964
2019-09-30,26.72447384778407
2019-10-01,28.939976406522202
2019-10-02,24.119693763327916
2019-10-03,25.260135049310456
2019-10-04,25.250039945285977
2019-10-05,29.307365452865593
2019-10-06,30.852036783692057
2019-10-07,27.248922493985543
2019-10-08,27.150134459440654
2019-10-09,27.66077937535283
2019-10-10,29.880262181276517
2019-10-11,25.74055556409792
2019-10-12,28.113673262753476
2019-10-13,29.6319118445083
2019-10-14,28.73118378815548
2019-10-15,28.158524014682413
2019-10-16,29.834692808585736
2019-10-17,22.482237575278507
2019-10-18,29.30340237314276
2019-10-19,26.70128347079362
2019-10-20,24.412770332015654
2019-10-21,29.163844619631014
2019-10-22,30.95894480209665
2019-10-23,28.009686134952638
2019-10-24,30.26603621723953
2019-10-25,31.663276634123932
2019-10-26,31.149690779141732
2019-10-27,31.883620362220363
2019-10-28,30.17444151754829
2019-10-29,28.93019217836956
2019-10-30,25.66715132476323
2019-10-31,28.47331147644413
2019-11-01,27.375867226609586
2019-11-02,33.50371451972032
2019-11-03,28.912044318790535
2019-11-04,29.614703349910897
2019-11-05,30.57820521905677
2019-11-06,29.6718143026713
2019-11-07,33.08649119911473
2019-11-08,28.565244708963316
2019-11-09,30.316256399766722
2019-11-10,28.560910559764537
2019-11-11,27.526896892772946
2019-11-12,29.06674094122388
2019-11-13,30.34175617626329
2019-11-14,29.68495516800635
2019-11-15,29.28859181743453
2019-11-16,27.992781802139845
2019-11-17,30.773261182505923
2019-11-18,28.066123063608543
2019-11-19,32.73376574495639
2019-11-20,31.51858389551919
2019-11-21,28.580573992168386
2019-11-22,31.021114361491584
2019-11-23,30.280918487667588
2019-11-24,32.571082151230705
2019-11-25,34.76289815750825
2019-11-26,28.48263749779734
2019-11-27,32.61569902661859
2019-11-28,32.21968269348372
2019-11-29,34.03852407924544
2019-11-30,33.27968381795431
2019-12-01,31.5083058349226
2019-12-02,32.534553727508886
2019-12-03,31.742445577364506
2019-12-04,35.649720859793085
2019-12-05,33.70486737183953
2019-12-06,37.63044534538283
2019-12-07,33.87379848031104
2019-12-08,32.74655240374297
2019-12-09,31.305325785867613
2019-12-10,30.89695942572439
2019-12-11,31.506499118047874
2019-12-12,35.38155668509931
2019-12-13,36.03823779989699
2019-12-14,32.03279426712961
2019-12-15,37.16049505281118
2019-12-16,34.58034494547122
2019-12-17,36.016858363911595
2019-12-18,39.12522612646919
2019-12-19,37.87263363304485
2019-12-20,35.72067160575587
2019-12-21,34.65468410735466
2019-12-22,32.31328099069854
2019-12-23,35.35890564038251
2019-12-24,36.55565907335111
2019-12-25,35.18462397122327
2019-12-26,37.077838078440905
2019-12-27,37.67567949789431
2019-12-28,37.25409136415127
2019-12-29,36.585778722125625
2019-12-30,38.40517578237507
2019-12-31,39.13388129913881
2020-01-01,36.25133540667268
2020-01-02,41.43608087571997
2020-01-03,38.59902040766402
2020-01-04,39.015723513912896
2020-01-05,40.576076833887534
2020-01-06,39.80744923700134
2020-01-07,41.42835371681997
2020-01-08,40.27703605153628
2020-01-09,38.658213457361946
2020-01-10,40.78593849222695
2020-01-11,37.95481468379112
2020-01-12,40.63816441023924
2020-01-13,40.53275514875272
2020-01-14,40.360493945514406
2020-01-15,40.696457928284026
2020-01-16,37.36588348434575
2020-01-17,40.20737451332417
2020-01-18,41.66490204884508
2020-01-19,41.97240940091844
2020-01-20,39.76987871408921
2020-01-21,44.5281769034931
2020-01-22,40.434895732477706
2020-01-23,44.27554846348956
2020-01-24,43.35926861580307
2020-01-25,41.37948140643556
2020-01-26,46.38837771072336
2020-01-27,40.61501975389113
2020-01-28,45.003811056248495
2020-01-29,45.32850303724382
2020-01-30,42.14651508344645
2020-01-31,46.431640038649704
2020-02-01,43.304063044457564
2020-02-02,44.537438973942706
2020-02-03,44.63499680921866
2020-02-04,43.99840007997006
2020-02-05,46.03961928085758
2020-02-06,46.15424431071209
2020-02-07,41.2177047546749
2020-02-08,47.469147970165
2020-02-09,41.67933903283042
2020-02-10,47.21138801903314
2020-02-11,47.53975645607794
2020-02-12,43.242503327899016
2020-02-13,44.73889909632748
2020-02-14,43.483173933544606
2020-02-15,45.39672416224025
2020-02-16,45.340371814587634
2020-02-17,47.643491294178546
2020-02-18,48.83033836920475
2020-02-19,49.12442570636554
2020-02-20,45.32981221568276
2020-02-21,46.15451476321869
2020-02-22,43.322580183125886
2020-02-23,45.191870748754376
2020-02-24,48.84509385626853
2020-02-25,50.25593118012059
2020-02-26,44.663008519898234
2020-02-27,46.05125553803897
2020-02-28,47.285359401357425
2020-02-29,47.99796190039722
2020-03-01,45.91535650745267
2020-03-02,48.477039140370586
2020-03-03,46.772996405291785
2020-03-04,47.780908922838925
2020-03-05,48.98887719252983
2020-03-06,47.99298266764823
2020-03-07,47.18850810080021
2020-03-08,47.920493269314676
2020-03-09,48.0386909173813
2020-03-10,47.54835022846501
2020-03-11,47.84096845408475
2020-03-12,51.62325821528086
2020-03-13,49.61240405883402
2020-03-14,47.961387629860724
2020-03-15,50.00520664774447
2020-03-16,47.99976039703652
2020-03-17,51.066888493688346
2020-03-18,49.51028893612039
2020-03-19,48.6038791270481
2020-03-20,49.75849855433664
2020-03-21,45.76298586338393
2020-03-22,46.68995948612025
2020-03-23,46.59147493807542
2020-03-24,49.29810828370673
2020-03-25,52.5072090679097
2020-03-26,53.531790253857054
2020-03-27,50.369351933963074
2020-03-28,50.11604316144455
2020-03-29,45.530384644091356
2020-03-30,48.06233742033087
2020-03-31,47.58433989354542
2020-04-01,47.92747139004514
2020-04-02,48.839175169704
2020-04-03,48.23461600045608
2020-04-04,45.22057198790235
2020-04-05,50.67240952977677
2020-04-06,47.02556705952736
2020-04-07,49.64106222089645
2020-04-08,53.2993059794345
2020-04-09,47.29800671915055
2020-04-10,44.05890645414565
2020-04-11,48.5272570760396
2020-04-12,51.278056186452034
2020-04-13,52.96680041476487
2020-04-14,46.56208277738577
2020-04-15,49.98277627671369
2020-04-16,48.0240845720814
2020-04-17,48.7052814612647
2020-04-18,54.16549666033855
2020-04-19,45.82767514333142
2020-04-20,49.29509075689335
2020-04-21,49.6741998064852
2020-04-22,50.85881196025849
2020-04-23,48.82887352887272
2020-04-24,49.191937339602156
2020-04-25,47.73274916609858
2020-04-26,48.991811905737045
2020-04-27,47.70200835635426
2020-04-28,49.56371700600702
2020-04-29,47.510901367648096
2020-04-30,48.93126397489758
2020-05-01,48.042895653129165
2020-05-02,50.275322199042606
2020-05-03,47.83970312635368
2020-05-04,44.313189857772606
2020-05-05,50.29738498866711
2020-05-06,45.87391591273393
2020-05-07,46.287266785911804
2020-05-08,46.31050604973919
2020-05-09,50.155374737128774
2020-05-10,43.03749198571304
2020-05-11,53.48438319522542
2020-05-12,49.218781893452174
2020-05-13,47.44869793674429
2020-05-14,46.785787539632295
2020-05-15,47.3578772864749
2020-05-16,47.71808095783046
2020-05-17,47.853243440769916
2020-05-18,47.558943026777065
2020-05-19,46.509800004645875
2020-05-20,45.81688673147622
2020-05-21,45.78800056505866
2020-05-22,45.57781158525301
2020-05-23,48.110386193367404
2020-05-24,46.903354076810984
2020-05-25,39.70707525359618
2020-05-26,46.769524232102754
2020-05-27,45.71536501353934
2020-05-28,45.15498687251471
2020-05-29,44.28026357544153
2020-05-30,47.168849350130564
2020-05-31,46.677471058703446
2020-06-01,43.096971735439695
2020-06-02,45.315699650987696
2020-06-03,42.41575346600203
2020-06-04,41.45595151392709
2020-06-05,42.816568950515645
2020-06-06,45.648346532921735
2020-06-07,45.682152857316886
2020-06-08,44.65325049223426
2020-06-09,44.927328880993656
2020-06-10,44.35847970093728
2020-06-11,41.891121631799386
2020-06-12,43.884915498706185
2020-06-13,44.46794724319028
2020-06-14,44.22088941161929
2020-06-15,44.93448167022938
2020-06-16,43.81682949921147
2020-06-17,42.945953117389244
2020-06-18,44.22550963103082
2020-06-19,41.873686379437686
2020-06-20,40.00391655480019
2020-06-21,41.2819362014977
2020-06-22,39.95818667958587
2020-06-23,39.93712522457711
2020-06-24,40.83755272978595
2020-06-25,39.38052765617207
2020-06-26,40.18794173305659
2020-06-27,36.85490343975037
2020-06-28,40.90680974479116
2020-06-29,40.3205953529958
2020-06-30,38.52189270675049
2020-07-01,41.31242136797788
2020-07-02,41.706955872981794
2020-07-03,36.45465794121672
2020-07-04,37.98241766920966
2020-07-05,37.80785050809076
2020-07-06,37.3048262996103
2020-07-07,40.68235961264662
2020-07-08,38.47486594792863
2020-07-09,38.17297834818003
2020-07-10,34.53420514180137
2020-07-11,39.65317020316285
2020-07-12,35.74475431235728
2020-07-13,38.184656106134724
2020-07-14,38.46169717361026
2020-07-15,40.47109538686798
2020-07-16,34.975704274481714
2020-07-17,31.398668936366168
2020-07-18,37.65057089677251
2020-07-19,40.72995195366344
2020-07-20,39.453807883633594
2020-07-21,37.24319570384192
2020-07-22,35.68959032143827
2020-07-23,38.13716554123498
2020-07-24,34.42700483402644
2020-07-25,37.17915595055624
2020-07-26,37.090936918637766
2020-07-27,38.055231971492844
2020-07-28,41.31025314273757
2020-07-29,36.43323685761893
2020-07-30,34.489345677498115
2020-07-31,35.31643324115823
2020-08-01,31.69122428006326
2020-08-02,33.70327325620254
2020-08-03,34.13903073836725
2020-08-04,33.775930580029055
2020-08-05,34.99698706502417
2020-08-06,32.91730761231088
2020-08-07,36.67582070239971
2020-08-08,34.30756813020314
2020-08-09,34.16377121176448
2020-08-10,33.40366343460855
2020-08-11,34.24881779562711
2020-08-12,35.46955788719997
2020-08-13,31.96800547380805
2020-08-14,32.2709547529797
2020-08-15,32.86671184137491
2020-08-16,30.671489016293947
2020-08-17,31.615908739692156
2020-08-18,32.19533814442473
2020-08-19,34.79211008610536
2020-08-20,33.466236530098435
2020-08-21,33.22833940906468
2020-08-22,34.445297373548826
2020-08-23,32.37342778537505
2020-08-24,33.33613023664836
2020-08-25,32.25817597967585
2020-08-26,32.90718271156019
2020-08-27,31.125227890590487
2020-08-28,27.329875109916543
2020-08-29,31.85821997812914
2020-08-30,34.89407499170076
2020-08-31,33.825367617389986
2020-09-01,33.830672929447
2020-09-02,34.3016882173175
2020-09-03,31.938922274573795
2020-09-04,32.09107339156435
2020-09-05,30.39864990818912
2020-09-06,30.942018027351963
2020-09-07,32.74863507761135
2020-09-08,33.87052956395784
2020-09-09,31.13229398568371
2020-09-10,30.462010036392975
2020-09-11,31.317440117591495
2020-09-12,32.47560353155379
2020-09-13,28.345112197859955
2020-09-14,26.602932608084046
2020-09-15,30.059548470776196
2020-09-16,28.68739318188107
2020-09-17,30.0836140983817
2020-09-18,30.77830244591016
2020-09-19,30.144237662154154
2020-09-20,33.93545356930319
2020-09-21,31.66671362688124
2020-09-22,31.599808079287108
2020-09-23,32.23184579541266
2020-09-24,28.70128065343149
2020-09-25,33.05163455729883
2020-09-26,30.819299818275162
2020-09-27,32.312164078632094
2020-09-28,28.830822727046115
2020-09-29,27.873315881420496
2020-09-30,32.625871918688155
2020-10-01,31.755134032396125
2020-10-02,29.21339677888815
2020-10-03,29.29631962589496
2020-10-04,33.307619837747986
2020-10-05,28.701986252793553
2020-10-06,34.3931668375724
2020-10-07,29.336536436524945
2020-10-08,32.44745890034324
2020-10-09,30.549268624562163
2020-10-10,32.451636694643774
2020-10-11,30.19870729305552
2020-10-12,31.005930772798834
2020-10-13,31.460833799067238
2020-10-14,29.424985869921965
2020-10-15,32.96424931429169
2020-10-16,30.51227502833383
2020-10-17,31.14045190340089
2020-10-18,29.670736087831436
2020-10-19,26.59936880813796
2020-10-20,31.409383895380696
2020-10-21,36.68685855499658
2020-10-22,33.50379174000407
2020-10-23,31.971766363364864
2020-10-24,31.56293845973014
2020-10-25,32.21479365759773
2020-10-26,33.347929533827994
2020-10-27,29.978560904786818
2020-10-28,34.657968289904105
2020-10-29,33.95184557944005
2020-10-30,34.05180790411989
2020-10-31,33.589311894861396
2020-11-01,32.851062400112696
2020-11-02,34.25953841558883
2020-11-03,34.201922003824656
2020-11-04,32.41715304509381
2020-11-05,32.08740586413256
2020-11-06,33.5501017087772
2020-11-07,36.55858373542262
2020-11-08,31.098827337984424
2020-11-09,30.76080119965575
2020-11-10,34.14646359768744
2020-11-11,34.042054526746476
2020-11-12,34.412513099100934
2020-11-13,34.68146601285787
2020-11-14,33.877029267912604
2020-11-15,37.43514360668768
2020-11-16,31.38766437081025
2020-11-17,33.06856976211002
2020-11-18,34.657144297279125
2020-11-19,31.717326767341817
2020-11-20,34.79396818223407
2020-11-21,38.612472847047385
2020-11-22,35.477004275440635
2020-11-23,36.04413494182974
2020-11-24,33.211667735116805
2020-11-25,34.650259621009866
2020-11-26,35.28525410767595
2020-11-27,35.55451809110452
2020-11-28,38.90913151635205
2020-11-29,37.61867268292918
2020-11-30,34.43932858452617
2020-12-01,37.31567115570609
2020-12-02,37.98094078796506
2020-12-03,39.428004659638376
2020-12-04,40.47332544763242
2020-12-05,35.447875590221045
2020-12-06,36.02340508551957
2020-12-07,35.2982102197347
2020-12-08,37.514714852879266
2020-12-09,39.08595552712894
2020-12-10,40.29944003723709
2020-12-11,38.34540133579129
2020-12-12,38.03109270692743
2020-12-13,39.14869165569144
2020-12-14,37.350132621398906
2020-12-15,43.37554449222763
2020-12-16,36.15795028570437
2020-12-17,39.92026602774974
2020-12-18,43.77616743977306
2020-12-19,39.92133259068749
2020-12-20,39.7069904881822
2020-12-21,39.55202094773633
2020-12-22,40.086428915342495
2020-12-23,43.37361650035952
2020-12-24,36.385259202866656
2020-12-25,44.057219415218164
2020-12-26,38.324061427076515
2020-12-27,40.82049866929867
2020-12-28,40.67729504317521
2020-12-29,42.89497297798312
2020-12-30,38.7037512962325
2020-12-31,43.006478893722246
2021-01-01,46.31283536280114
2021-01-02,39.719848663046854
2021-01-03,43.00743660324395
2021-01-04,41.48568363178124
2021-01-05,43.84279138686038
2021-01-06,43.21037600382502
2021-01-07,42.06981390304404
2021-01-08,44.508832776384935
2021-01-09,47.32162766138827
2021-01-10,43.51045951497782
2021-01-11,45.510560882982546
2021-01-12,41.66266921429935
2021-01-13,42.51385490642347
2021-01-14,45.54834550692264
2021-01-15,47.74781363241296
2021-01-16,45.66605102637741
2021-01-17,44.50309618551654
2021-01-18,45.301279427770346
2021-01-19,42.974413528001655
2021-01-20,46.85579187447443
2021-01-21,47.581911553553496
2021-01-22,45.08245339676988
2021-01-23,45.21479559654073
2021-01-24,46.85369248542723
2021-01-25,45.61431645342311
2021-01-26,46.52002818815248
2021-01-27,51.01494628736152
2021-01-28,46.48328699966589
2021-01-29,46.421075197557364
2021-01-30,46.00162582725072
2021-01-31,48.9425400166554
2021-02-01,47.247603368946784
2021-02-02,46.46560705503337
2021-02-03,50.55962562745718
2021-02-04,50.907208743565235
2021-02-05,47.01641973813019
2021-02-06,44.63168879843003
2021-02-07,50.52549486408248
2021-02-08,47.285063357381745
2021-02-09,50.37754680867537
2021-02-10,44.9961385469991
2021-02-11,50.85963086492808
2021-02-12,46.78818381367509
2021-02-13,50.806111508649515
2021-02-14,49.505112358490635
2021-02-15,47.69856154416583
2021-02-16,48.920097603786296
2021-02-17,51.232357790878936
2021-02-18,50.1948469910161
2021-02-19,51.272974229784325
2021-02-20,54.17583967973872
2021-02-21,47.21097334414564
2021-02-22,53.688036031684
2021-02-23,50.77410246512
2021-02-24,48.87719743637787
2021-02-25,48.121079012180104
2021-02-26,50.50794327479069
2021-02-27,52.8314711391242
2021-02-28,50.832541342002976
2021-03-01,54.20687340779066
2021-03-02,48.376565671339314
2021-03-03,51.34649720374154
2021-03-04,48.955026575769246
2021-03-05,52.27357246177238
2021-03-06,53.40391290822096
2021-03-07,50.86975629449121
2021-03-08,46.58128516391207
2021-03-09,52.26331312938493
2021-03-10,52.811849391696256
2021-03-11,52.81715008934235
2021-03-12,54.54752825791572
2021-03-13,49.99845780365343
2021-03-14,53.56278047681996
2021-03-15,54.64631286367896
2021-03-16,48.76022420853552
2021-03-17,53.00994287035302
2021-03-18,51.41264488970886
2021-03-19,52.30543806885328
2021-03-20,53.208417669792766
2021-03-21,51.58028103929382
2021-03-22,51.242078265616634
2021-03-23,52.697629785849585
2021-03-24,50.48773021645371
2021-03-25,50.52052881116914
2021-03-26,54.0779365273848
2021-03-27,50.44566166076424
2021-03-28,54.09697921337406
2021-03-29,53.70768269810473
2021-03-30,49.34607156221771
2021-03-31,51.454778092690596
2021-04-01,55.207385392642124
2021-04-02,50.86313174459421
2021-04-03,51.899988631231565
2021-04-04,53.75329339515771
2021-04-05,54.39337003610689
2021-04-06,52.31797533891799
2021-04-07,51.61754810329085
2021-04-08,55.64588036333156
2021-04-09,56.26457522991858
2021-04-10,54.727197601201894
2021-04-11,52.919901804929886
2021-04-12,51.109605473173055
2021-04-13,51.03921669321055
2021-04-14,53.71621017682214
2021-04-15,53.476174272018014
2021-04-16,55.40790267153434
2021-04-17,53.868078354945254
2021-04-18,49.520649362784816
2021-04-19,54.587511035567566
2021-04-20,50.44149017927539
2021-04-21,51.6208709190496
2021-04-22,52.83763972288319
2021-04-23,56.27424220149886
2021-04-24,58.445673372604666
2021-04-25,53.37949241921453
2021-04-26,51.73716478580609
2021-04-27,53.10740420431019
2021-04-28,53.74588407804263
2021-04-29,51.25878678862098
2021-04-30,55.41748589891789
2021-05-01,52.211562798881936
2021-05-02,52.66870787568105
2021-05-03,52.92433907763958
2021-05-04,52.352428015415285
2021-05-05,53.1014229881783
2021-05-06,50.10087414136533
2021-05-07,50.12819595531738
2021-05-08,48.95152017188274
2021-05-09,51.9355010120276
2021-05-10,52.516713420694664
2021-05-11,51.774431860209205
2021-05-12,54.1056531420152
2021-05-13,50.641028070827886
2021-05-14,51.88305885204994
2021-05-15,48.253367384481024
2021-05-16,49.551636696122976
2021-05-17,51.603887784001365
2021-05-18,51.79593831625646
2021-05-19,49.392704746806956
2021-05-20,49.71836506837474
2021-05-21,46.704799639004015
2021-05-22,48.90356974434515
2021-05-23,51.273612326672854
2021-05-24,50.51665066446234
2021-05-25,50.23918396568716
2021-05-26,49.20727005340516
2021-05-27,48.99001894135814
2021-05-28,47.52176210645962
2021-05-29,50.10495732202444
2021-05-30,49.41256979893731
2021-05-31,49.4164558304434
2021-06-01,47.24065738575175
2021-06-02,43.8449092369962
2021-06-03,50.20337235859201
2021-06-04,46.90751293148814
2021-06-05,45.99445187160933
2021-06-06,48.96051741198421
2021-06-07,46.641877486726386
2021-06-08,49.39695242013291
2021-06-09,48.36114920645107
2021-06-10,48.343261773108246
2021-06-11,44.092173399844235
2021-06-12,49.094958380131104
2021-06-13,47.03962925520262
2021-06-14,45.623752473499806
2021-06-15,46.493431861964595
2021-06-16,42.49775133901278
2021-06-17,46.710362325267496
2021-06-18,43.676466138033824
2021-06-19,42.871388326248734
2021-06-20,42.37294748481986
2021-06-21,47.483446879365
2021-06-22,43.839465181813196
2021-06-23,48.0049371943588
2021-06-24,43.704987145112376
2021-06-25,41.200651582986104
2021-06-26,42.22081591243729
2021-06-27,46.763756013671816
2021-06-28,43.81842597417196
2021-06-29,42.871609809290156
2021-06-30,44.12610642059246
2021-07-01,44.64749550344825
2021-07-02,45.7166132295336
2021-07-03,46.216776129740595
2021-07-04,42.43832993476392
2021-07-05,40.34403983550135
2021-07-06,42.00770217958148
2021-07-07,43.19397094194883
2021-07-08,40.585000373053
2021-07-09,40.43770620101118
2021-07-10,42.87950563371459
2021-07-11,41.9350294396035
2021-07-12,41.938865092887404
2021-07-13,40.19780017620193
2021-07-14,41.09614186928234
2021-07-15,39.55131190665408
2021-07-16,43.023741894969504
2021-07-17,43.15819191745539
2021-07-18,37.24049608278894
2021-07-19,38.91990787025697
2021-07-20,37.63285666757457
2021-07-21,39.17382900447887
2021-07-22,40.155986753121645
2021-07-23,37.2736299085633
2021-07-24,38.18037760718469
2021-07-25,37.86852566768081
2021-07-26,40.14453125910235
2021-07-27,39.72350083056758
2021-07-28,37.99745795824091
2021-07-29,39.65204666754014
2021-07-30,38.06391275973858
2021-07-31,38.47427164489012
2021-08-01,42.226280270438565
2021-08-02,41.423621621961416
2021-08-03,36.008433140738326
2021-08-04,40.13357221165659
2021-08-05,39.96507042993997
2021-08-06,35.915620899570044
2021-08-07,39.72131465526054
2021-08-08,41.03301783719185
2021-08-09,35.58728224155283
2021-08-10,35.87444722560586
2021-08-11,39.623759361596164
2021-08-12,38.012351979515955
2021-08-13,38.455218455708895
2021-08-14,37.91836616393121
2021-08-15,37.905555740784536
2021-08-16,34.36028660661822
2021-08-17,38.999059872378055
2021-08-18,39.1369598763696
2021-08-19,36.234550236543896
2021-08-20,36.504159972466866
2021-08-21,33.42894458121818
2021-08-22,37.422010961248546
2021-08-23,37.44228624560213
2021-08-24,36.08081850279195
2021-08-25,38.36332620528186
2021-08-26,35.35830355080101
2021-08-27,37.069957057600845
2021-08-28,33.81818074908513
2021-08-29,35.72967400075327
2021-08-30,35.34987020369522
2021-08-31,36.07355265698865
2021-09-01,34.810824102597934
2021-09-02,35.21648158236172
2021-09-03,37.063701435533936
2021-09-04,34.47291350227675
2021-09-05,32.070799497580495
2021-09-06,38.723331547816905
2021-09-07,37.93000093545005
2021-09-08,32.528235299408976
2021-09-09,36.44060214753607
2021-09-10,34.006439024993114
2021-09-11,35.493358630540406
2021-09-12,35.51163829172254
2021-09-13,34.41400622949439
2021-09-14,33.27776318318572
2021-09-15,33.429540065126844
2021-09-16,32.9464342027469
2021-09-17,33.08625007721544
2021-09-18,34.58950650344639
2021-09-19,33.26921450197868
2021-09-20,36.044622631786936
2021-09-21,37.63771640834846
2021-09-22,33.488752877325375
2021-09-23,35.116240508396615
2021-09-24,35.628317109598896
2021-09-25,35.56741552429685
2021-09-26,34.77273892717825
2021-09-27,36.10656768086911
2021-09-28,35.58903509848774
2021-09-29,32.15550856879803
2021-09-30,36.378404731416644
2021-10-01,36.426896654734584
2021-10-02,33.140927679246
2021-10-03,34.76152145933956
2021-10-04,36.07340825454058
2021-10-05,34.31218239936948
2021-10-06,36.9037770265925
2021-10-07,39.51552289505939
2021-10-08,33.2487029838565
2021-10-09,32.09441636975259
2021-10-10,35.502899023688826
2021-10-11,36.38006030753619
2021-10-12,34.519783837253904
2021-10-13,37.93551677491786
2021-10-14,32.40214918203843
2021-10-15,36.51843786951466
2021-10-16,33.9769805197592
2021-10-17,38.686407546495545
2021-10-18,39.294465543384696
2021-10-19,33.84072295016188
2021-10-20,34.342325148763884
2021-10-21,37.230803485730355
2021-10-22,34.81032186462899
2021-10-23,35.56946468696918
2021-10-24,35.78949695923146
2021-10-25,31.980515559578322
2021-10-26,35.87601581128907
2021-10-27,34.61073098727615
2021-10-28,35.09307925576682
2021-10-29,39.05834695549518
2021-10-30,33.75242266414551
2021-10-31,37.988770790737945
2021-11-01,35.9039032240611
2021-11-02,36.004295606663554
2021-11-03,38.24903752844536
2021-11-04,37.45533705611364
